"","lon","lat","bio_1","bio_10","bio_11","bio_12","bio_13","bio_14","bio_15","bio_16","bio_17","bio_18","bio_19","bio_2","bio_3","bio_4","bio_5","bio_6","bio_7","bio_8","bio_9"
"1",-96.55437,17.83937,230,255,200,2941,546,58,75,1502,193,673,245,108,60,2094,317,139,178,241,227
"2",-99.10965,26.5257,230,301,145,542,112,16,57,228,65,164,73,128,42,6096,374,72,302,273,162
"3",-100.27032,25.5498,205,262,139,610,157,13,86,326,41,248,41,126,48,4875,328,66,262,237,153
"4",-100.54192,26.5413,209,273,132,445,110,12,72,221,44,162,45,132,45,5474,344,56,288,268,150
"5",-97.37667,20.44594,241,275,194,1189,223,40,53,484,124,396,152,99,52,3311,330,142,188,263,203
"6",-98.38869,26.17439,233,295,155,562,100,13,53,215,73,171,87,123,43,5477,365,85,280,274,173
"7",-99.1154,26.51464,231,303,146,537,111,16,58,229,65,161,72,128,42,6111,375,73,302,274,163
"8",-99.11537,26.51466,231,303,146,537,111,16,58,229,65,161,72,128,42,6111,375,73,302,274,163
"9",-99.11538,26.51468,231,303,146,537,111,16,58,229,65,161,72,128,42,6111,375,73,302,274,163
"10",-99.43953,21.82941,212,246,166,804,193,12,86,439,45,305,52,134,58,3232,325,95,230,236,180
"11",-98.38067,26.18386,233,295,155,562,101,13,53,216,73,169,87,123,43,5497,365,85,280,274,172
"12",-100.27039,25.54986,205,262,139,610,157,13,86,326,41,248,41,126,48,4875,328,66,262,237,153
"13",-99.15972,21.58761,214,248,168,2045,458,48,79,1045,148,742,151,132,57,3243,324,95,229,240,181
"14",-100.34183,25.59838,163,198,120,547,130,9,80,289,39,228,42,133,60,3055,266,47,219,192,129
"15",-100.94911,25.28409,157,201,103,430,68,12,56,194,47,180,51,153,59,3892,284,27,257,195,113
"16",-99.11621,26.51486,231,303,146,537,111,16,58,229,65,161,72,128,42,6111,375,73,302,274,163
"17",-99.12666,26.5304,231,303,145,537,110,16,58,227,65,163,72,128,42,6144,375,73,302,274,163
"18",-98.33944,28.47173,216,291,126,636,94,23,40,216,98,175,104,135,42,6406,365,47,318,264,144
"19",-99.11221,26.51644,231,303,146,537,111,16,58,229,65,161,72,128,42,6111,375,73,302,274,163
"20",-97.82454,28.54423,213,285,129,752,113,30,38,253,119,213,126,126,41,6094,356,54,302,261,144
"21",-99.84609,28.52293,219,297,128,546,79,21,46,198,72,159,74,134,42,6550,370,51,319,267,138
"22",-97.38337,28.64987,214,284,133,889,123,35,35,295,138,264,150,124,42,5880,352,59,293,260,147
"23",-98.81104,26.48993,232,300,150,543,108,17,54,216,73,154,81,130,43,5839,374,77,297,275,168
"24",-99.13561,27.21006,227,299,141,508,102,15,55,203,64,135,72,134,43,6152,372,64,308,273,158
"25",-99.4444,27.04462,233,306,145,532,128,12,71,250,52,132,62,134,42,6269,380,68,312,279,163
"26",-98.00961,29.21949,207,286,118,746,101,34,32,241,133,181,140,131,41,6508,358,39,319,244,134
"27",-99.17781,28.93802,211,288,121,625,90,27,40,222,92,176,95,137,42,6487,363,41,322,250,140
"28",-98.42495,27.86446,216,287,131,643,112,24,48,237,94,181,96,134,43,6044,360,53,307,261,147
"29",-97.67971,26.88973,224,286,148,661,128,18,52,261,94,186,108,103,39,5381,341,83,258,265,194
"30",-98.25125,28.47258,215,290,127,655,96,24,39,223,102,177,109,134,42,6332,364,48,316,263,144
"31",-97.76646,28.40079,216,288,132,763,116,31,38,259,122,218,129,123,41,6075,356,59,297,263,147
"32",-99.5235,27.50969,234,309,146,430,79,12,52,162,54,115,63,132,42,6356,381,70,311,282,165
"33",-97.50237,28.9098,210,283,126,856,127,38,35,273,147,214,158,128,42,6091,354,50,304,244,141
"34",-99.41052,29.77445,187,267,97,710,93,33,35,235,108,208,108,136,41,6658,339,15,324,237,97
"35",-99.11106,27.42115,225,297,138,503,94,16,52,194,67,135,74,135,43,6183,371,61,310,271,156
"36",-99.49441,27.49944,234,309,147,429,78,12,51,161,55,114,64,132,42,6337,381,70,311,282,165
"37",-99.41051,28.29925,219,297,130,560,83,24,44,208,79,153,81,137,42,6491,373,54,319,266,148
"38",-99.52332,27.5121,234,309,146,430,79,12,52,162,54,115,63,132,42,6356,381,70,311,282,165
"39",-99.1116,26.5162,231,303,146,537,111,16,58,229,65,161,72,128,42,6111,375,73,302,274,163
"40",-97.79441,28.57295,213,286,129,761,114,30,37,254,121,215,129,127,41,6118,357,54,303,261,144
"41",-99.52353,27.50854,234,309,146,430,79,12,52,162,54,115,63,132,42,6356,381,70,311,282,165
"42",-99.49457,27.49887,234,309,147,429,78,12,51,161,55,114,64,132,42,6337,381,70,311,282,165
"43",-99.53356,27.60755,230,306,142,442,83,13,53,173,55,119,62,132,42,6388,378,67,311,277,161
"44",-99.11542,26.51464,231,303,146,537,111,16,58,229,65,161,72,128,42,6111,375,73,302,274,163
"45",-99.51984,27.63545,229,304,141,449,84,14,52,176,57,120,63,133,42,6377,378,66,312,276,160
"46",-97.25098,28.22843,216,285,136,928,161,34,43,344,144,273,155,109,39,5782,341,68,273,262,150
"47",-98.3503,28.48197,216,291,127,638,94,24,40,216,99,176,104,136,42,6391,366,47,319,264,144
"48",-99.15657,26.53404,230,302,144,545,110,16,57,228,66,168,74,127,42,6163,373,72,301,275,161
"49",-99.17555,27.55794,226,299,138,491,88,16,50,186,66,132,73,136,43,6273,373,61,312,272,156
"50",-99.51987,27.63501,229,304,141,449,84,14,52,176,57,120,63,133,42,6377,378,66,312,276,160
"51",-99.09912,27.42922,224,296,137,506,95,16,51,195,67,137,74,135,43,6188,370,61,309,270,155
"52",-99.22636,28.27033,220,299,130,548,87,22,47,214,73,152,76,139,43,6528,374,53,321,267,149
"53",-98.78644,27.53364,217,287,131,568,103,20,50,212,80,161,84,136,44,6095,361,53,308,261,148
"54",-99.0923,26.4924,232,303,147,534,110,17,57,228,65,159,71,128,42,6095,375,74,301,274,164
"55",-99.04402,28.12841,220,298,130,548,89,22,47,211,74,154,77,142,43,6531,374,50,324,268,149
"56",-99.35548,29.69235,191,270,101,699,93,33,34,230,109,201,109,133,41,6612,342,21,321,231,101
"57",-98.9738,27.33647,219,289,134,541,102,18,51,207,73,150,79,134,44,6035,362,58,304,263,151
"58",-99.11641,26.51437,231,303,146,537,111,16,58,229,65,161,72,128,42,6111,375,73,302,274,163
"59",-97.89602,27.51994,224,291,145,675,117,23,46,264,101,199,108,117,42,5680,353,75,278,267,160
"60",-99.51287,27.57039,232,306,144,431,79,13,52,165,55,115,62,132,42,6354,378,68,310,278,163
"61",-99.40926,28.04583,221,300,134,546,87,25,44,202,79,150,79,140,44,6445,376,58,318,267,151
"62",-99.52549,27.49837,235,309,147,432,80,12,51,163,53,117,62,132,42,6338,382,70,312,283,165
"63",-97.90934,27.51832,224,291,146,674,117,23,46,263,101,199,108,118,42,5666,355,76,279,267,161
"64",-99.27106,26.9022,229,300,141,507,108,15,58,203,61,140,69,134,43,6198,373,64,309,274,159
"65",-99.15047,27.37253,227,300,140,495,95,15,53,194,64,132,72,135,43,6220,373,63,310,273,158
"66",-99.58866,27.62716,231,307,143,451,89,14,56,185,53,123,58,134,42,6371,380,67,313,279,162
"67",-99.40905,28.04586,221,300,134,546,87,25,44,202,79,150,79,140,44,6445,376,58,318,267,151
"68",-98.5744,28.14019,215,290,126,613,98,24,44,222,89,174,91,138,43,6345,364,47,317,263,144
"69",-97.16388,28.24554,216,284,136,934,160,35,42,344,145,273,159,104,38,5748,337,68,269,261,181
"70",-99.58849,27.62823,231,307,143,451,89,14,56,185,53,123,58,134,42,6371,380,67,313,279,162
"71",-100.17136,25.34383,197,247,140,695,169,14,82,353,47,285,47,133,52,4238,317,65,252,226,140
"72",-99.31366,27.45776,229,303,143,465,86,14,52,178,60,123,69,133,42,6249,376,66,310,276,161
"73",-99.36218,28.01662,223,302,134,535,87,24,45,199,76,146,77,140,43,6483,378,58,320,269,153
"74",-99.24677,28.27446,220,299,131,548,87,22,47,213,73,152,76,139,43,6511,374,53,321,267,149
"75",-99.70273,27.6589,230,307,142,471,103,12,64,212,50,131,52,135,42,6461,381,65,316,278,161
"76",-99.22162,27.61392,225,299,137,490,87,17,49,185,67,132,73,136,43,6307,372,60,312,271,155
"77",-99.23014,28.27549,220,299,130,548,87,22,47,214,73,152,76,139,43,6514,374,53,321,267,149
"78",-99.57033,27.6354,230,305,142,453,88,14,55,183,55,123,60,133,42,6380,378,66,312,277,160
"79",-100.06897,29.65017,189,271,95,670,82,26,40,234,88,214,88,142,42,6838,344,7,337,239,95
"80",-97.93447,28.42723,214,286,129,724,109,28,38,249,115,199,122,127,41,6111,358,54,304,262,145
"81",-98.0642,27.78889,222,291,141,684,124,26,48,264,101,190,104,126,42,5844,361,67,294,267,156
"82",-99.37071,27.97446,223,302,135,526,87,23,46,198,74,144,75,139,43,6482,378,58,320,270,153
"83",-99.03076,27.30345,222,292,137,528,101,17,52,205,70,144,77,134,43,6070,366,60,306,266,154
"84",-99.369,27.9888,223,302,135,529,87,23,45,198,75,144,77,139,43,6487,378,58,320,270,153
"85",-99.11571,26.515,231,303,146,537,111,16,58,229,65,161,72,128,42,6111,375,73,302,274,163
"86",-99.0927,27.4163,225,297,138,505,95,16,51,195,67,136,74,135,43,6216,371,61,310,271,156
"87",-99.47138,27.60014,229,305,141,440,79,13,50,168,57,117,65,132,42,6375,377,66,311,275,160
"88",-98.28839,28.33459,215,289,128,650,98,24,40,226,100,178,106,134,42,6267,363,49,314,263,144
"89",-99.524,27.5108,234,309,146,430,79,12,52,162,54,115,63,132,42,6356,381,70,311,282,165
"90",-99.15066,27.40598,227,300,140,492,93,15,52,191,64,131,72,135,43,6219,373,63,310,272,158
"91",-99.44129,27.53383,232,307,144,428,76,12,50,160,56,113,65,132,42,6333,379,69,310,279,163
"92",-99.23627,28.27956,220,299,131,548,87,22,47,214,73,152,76,139,43,6500,374,53,321,267,149
"93",-97.77072,26.78765,225,288,148,654,127,18,53,258,93,186,105,108,40,5427,347,82,265,266,162
"94",-98.52849,27.44635,220,290,136,591,110,20,51,219,85,170,90,135,44,5991,363,59,304,264,152
"95",-98.6326,29.6381,196,276,108,800,103,42,31,260,142,204,142,127,40,6583,346,34,312,233,108
"96",-99.1068,26.5297,230,301,145,539,112,16,58,227,65,162,72,128,42,6095,374,71,303,273,162
"97",-98.1671,28.02647,218,289,134,675,112,25,44,248,101,185,106,130,42,6039,361,58,303,264,150
"98",-99.01896,26.4052,234,304,150,518,105,15,55,212,63,153,70,128,42,6034,377,78,299,277,168
"99",-98.69911,28.45511,215,292,125,593,88,22,42,212,85,167,89,141,43,6481,368,42,326,263,142
"100",-99.1154,26.51467,231,303,146,537,111,16,58,229,65,161,72,128,42,6111,375,73,302,274,163
"101",-99.11537,26.51473,231,303,146,537,111,16,58,229,65,161,72,128,42,6111,375,73,302,274,163
"102",-99.81165,28.60065,219,296,128,540,78,21,44,191,72,157,74,133,41,6535,368,50,318,259,138
"103",-99.43142,27.21983,234,307,147,490,108,12,64,214,52,126,62,134,42,6248,381,69,312,282,165
"104",-97.70135,26.7721,224,286,149,660,130,18,52,260,93,185,107,104,40,5345,342,84,258,265,194
"105",-99.38329,28.29236,219,297,130,557,84,23,45,210,76,152,79,138,43,6485,372,54,318,266,148
"106",-98.02895,27.96166,219,290,136,701,120,26,45,262,105,194,110,127,42,5994,360,62,298,265,152
"107",-97.41641,28.11298,217,285,136,881,153,32,44,329,137,258,145,110,39,5805,344,68,276,263,151
"108",-97.77412,26.78618,225,288,148,654,127,18,53,258,93,186,105,108,40,5427,347,82,265,266,162
"109",-99.66711,27.66016,231,307,142,467,100,12,63,205,51,129,54,135,42,6420,381,66,315,278,161
"110",-99.14389,26.52945,231,303,145,542,110,16,57,229,64,166,72,127,41,6168,375,72,303,274,162
"111",-97.62968,26.86578,224,285,148,664,131,18,52,263,94,183,110,100,39,5351,338,84,254,265,193
"112",-99.19806,19.29167,155,178,126,873,186,6,96,519,24,244,24,172,68,2088,272,22,250,168,126
"113",-98.02913,28.74246,210,286,123,715,104,28,37,237,117,190,124,132,42,6311,358,45,313,259,139
"114",-98.54148,26.55072,226,291,146,588,107,18,51,227,83,170,93,127,43,5641,363,74,289,268,164
"115",-98.69899,28.45622,215,292,125,593,88,22,42,212,85,167,89,141,43,6481,368,42,326,263,142
"116",-99.66748,27.66126,231,307,142,467,100,12,63,205,51,129,54,135,42,6420,381,66,315,278,161
"117",-97.612,26.42461,226,284,154,673,138,20,53,269,95,182,111,98,39,5127,337,90,247,266,197
"118",-95.66111,18.61333,267,285,240,1748,348,28,74,856,105,546,187,88,59,1807,341,194,147,280,260
"119",-97.75404,28.4354,214,286,131,768,116,32,37,259,123,220,129,123,41,6038,355,58,297,261,146
"120",-99.76144,29.72882,188,270,95,676,85,28,38,234,94,210,94,140,41,6838,342,8,334,238,95
"121",-99.82933,29.53224,193,274,100,662,83,28,39,230,91,208,91,138,41,6773,346,15,331,244,100
"122",-98.19177,26.51182,228,291,150,602,110,17,52,232,83,176,94,121,43,5486,360,80,280,269,166
"123",-98.81306,29.04549,210,286,122,676,94,29,39,229,103,181,106,137,43,6380,359,42,317,258,139
"124",-98.20897,28.02801,218,290,132,664,111,25,45,244,100,182,104,131,42,6105,362,56,306,264,149
"125",-99.58291,24.82916,226,285,156,828,161,21,65,359,69,292,69,139,48,5076,362,76,286,261,156
"126",-99.16744,28.56341,215,293,126,572,83,22,45,213,76,159,82,138,43,6500,367,47,320,263,144
"127",-97.70772,26.75705,225,286,149,662,131,18,53,261,93,185,108,104,40,5369,342,83,259,265,194
"128",-98.77327,27.13981,221,290,137,555,105,18,52,211,77,157,84,133,44,5935,363,61,302,264,154
"129",-99.10757,28.55002,215,293,125,575,83,22,45,214,77,160,82,140,43,6497,368,45,323,263,144
"130",-99.28532,28.5427,216,293,126,565,82,22,45,212,75,157,80,137,42,6460,368,49,319,263,145
"131",-99.23755,28.56754,215,293,126,571,82,23,44,210,77,159,82,137,42,6454,367,48,319,263,145
"132",-97.77607,26.79004,225,287,149,654,127,18,53,258,93,186,105,108,40,5404,347,82,265,267,163
"133",-99.26894,28.55128,215,293,126,569,82,23,44,212,77,158,81,137,42,6484,367,48,319,263,145
"134",-99.49064,27.5797,230,305,142,436,78,13,49,165,57,115,65,132,42,6336,377,67,310,276,161
"135",-99.66292,27.66307,231,307,143,467,99,13,62,204,52,129,55,134,42,6418,381,66,315,278,161
"136",-96.47206,17.26591,149,164,132,1063,199,14,83,553,45,297,86,133,71,1205,243,57,186,153,143
"137",-99.30336,27.99804,223,302,134,530,87,23,45,199,75,145,77,140,43,6501,378,57,321,270,152
"138",-97.26677,17.66341,142,160,122,863,185,8,88,463,32,305,44,160,70,1450,255,28,227,149,133
"139",-98.62836,26.79621,224,291,143,574,108,18,52,221,80,164,89,130,44,5794,364,69,295,267,160
"140",-99.66685,27.66015,231,307,142,467,100,12,63,205,51,129,54,135,42,6420,381,66,315,278,161
"141",-99.66585,27.65991,231,307,143,467,99,13,62,204,52,129,55,134,42,6418,381,66,315,278,161
"142",-97.8425,27.55409,224,291,146,686,118,23,46,268,103,203,111,115,41,5657,352,76,276,267,160
"143",-98.72967,26.35957,234,300,154,567,104,17,51,218,80,168,90,128,43,5706,373,82,291,277,173
"144",-99.75001,29.55675,189,269,98,680,85,29,38,235,95,212,95,137,41,6673,341,13,328,239,98
"145",-99.85256,29.01008,208,287,115,567,79,22,42,198,76,165,78,138,41,6708,361,32,329,249,126
"146",-98.3339,26.83934,226,291,146,595,109,18,51,228,83,173,93,127,44,5640,362,74,288,267,162
"147",-98.67808,27.3044,220,290,136,561,103,19,51,208,80,161,85,135,44,6018,364,59,305,265,153
"148",-98.26717,27.50586,222,291,140,629,117,22,50,238,90,181,96,130,43,5904,362,65,297,265,150
"149",-98.15074,27.15878,226,293,147,625,112,20,49,240,88,184,99,126,43,5703,363,76,287,268,163
"150",-97.51514,28.8089,212,283,129,847,124,36,35,275,140,225,151,128,42,6021,354,53,301,259,144
"151",-99.2983,26.93569,229,300,142,508,111,15,60,208,60,137,68,134,43,6176,374,65,309,275,160
"152",-98.80886,29.02994,210,285,122,675,95,29,39,228,103,181,106,137,43,6351,359,42,317,248,140
"153",-98.86908,29.49739,201,280,113,729,97,37,33,245,122,197,125,130,41,6501,351,38,313,239,123
"154",-98.63014,29.6155,197,278,109,783,102,41,31,255,138,199,138,127,40,6567,347,36,311,235,109
"155",-99.34803,28.04468,222,301,133,542,87,25,44,201,78,147,79,140,43,6477,377,57,320,268,152
"156",-99.57214,29.81667,181,262,89,714,91,31,36,244,103,216,103,139,42,6760,334,5,329,230,89
"157",-99.57626,29.81551,185,266,92,698,90,31,36,238,101,211,101,139,42,6795,338,8,330,235,92
"158",-98.72297,28.97413,211,286,122,680,96,28,39,230,102,184,106,137,42,6369,360,41,319,248,139
"159",-98.33279,26.13841,233,294,157,538,99,12,54,203,69,153,85,120,43,5370,362,88,274,274,174
"160",-99.11612,26.51488,231,303,146,537,111,16,58,229,65,161,72,128,42,6111,375,73,302,274,163
"161",-99.5026,27.50111,235,309,146,428,78,12,51,161,54,114,63,132,42,6346,381,70,311,282,165
"162",-98.3829,26.17202,233,295,155,559,100,13,52,213,73,169,87,123,43,5488,365,85,280,274,172
"163",-98.82271,26.48675,232,300,150,543,109,17,55,217,73,153,81,130,43,5858,374,77,297,274,168
"164",-98.5317,26.5461,226,291,146,589,107,18,51,228,83,171,93,127,43,5638,363,74,289,267,163
"165",-98.02369,28.97723,210,287,121,724,104,30,35,233,123,184,130,133,41,6445,360,41,319,259,137
"166",-99.26911,27.52197,227,301,140,473,85,15,49,180,63,126,71,134,43,6284,374,64,310,273,158
"167",-98.37994,26.18561,233,295,155,562,101,13,53,216,73,169,87,123,43,5497,365,85,280,274,172
"168",-97.28046,28.29671,216,284,136,940,161,34,43,345,144,282,155,114,40,5765,344,65,279,261,150
"169",-98.4919,29.30405,210,290,122,660,93,32,36,217,107,153,118,123,40,6573,357,52,305,260,131
"170",-98.45741,28.52119,215,291,125,625,92,23,40,212,95,175,100,137,42,6474,366,44,322,264,142
"171",-98.24546,28.48795,216,292,128,654,96,24,39,222,102,177,109,134,42,6369,365,48,317,264,144
"172",-99.11538,26.51471,231,303,146,537,111,16,58,229,65,161,72,128,42,6111,375,73,302,274,163
"173",-99.14749,26.584,229,300,143,538,109,16,57,220,66,165,74,128,42,6103,371,70,301,272,160
"174",-99.68072,27.66539,230,307,141,469,101,12,62,207,51,130,54,135,42,6469,381,65,316,278,160
"175",-99.41051,28.29937,219,297,130,560,83,24,44,208,79,153,81,137,42,6491,373,54,319,266,148
"176",-99.12615,26.56513,229,300,143,544,112,16,57,225,66,166,74,127,42,6106,371,70,301,272,160
"177",-99.15298,26.53264,231,303,145,543,109,16,56,229,64,168,72,127,41,6185,375,72,303,275,161
"178",-97.87106,28.32229,216,288,132,738,114,28,39,257,116,207,124,124,41,6075,357,58,299,263,147
"179",-98.16325,28.07539,217,288,132,675,110,25,44,246,102,184,107,130,42,6068,360,56,304,263,148
"180",-97.91915,29.01695,210,286,122,743,107,32,35,239,129,184,136,132,41,6364,359,43,316,246,138
"181",-99.44494,27.04487,233,306,145,532,128,12,71,250,52,132,62,134,42,6269,380,68,312,279,163
"182",-99.58222,24.82932,226,285,156,828,161,21,65,359,69,292,69,139,48,5076,362,76,286,261,156
"183",-99.15625,29.18843,207,285,118,654,94,32,40,235,108,175,110,133,41,6502,358,40,318,246,136
"184",-99.09137,26.46886,232,303,147,534,110,17,57,229,65,157,70,128,42,6077,375,75,300,274,165
"185",-99.13959,28.32743,219,297,129,551,88,21,48,218,71,154,75,140,43,6538,372,50,322,267,147
"186",-99.19581,23.05767,209,245,161,979,187,16,81,516,61,434,61,131,56,3418,315,85,230,238,173
"187",-97.41743,28.11425,217,286,137,881,153,32,44,329,137,258,145,110,39,5816,345,68,277,263,150
"188",-99.49441,27.50625,234,308,146,428,77,12,51,160,55,114,64,132,42,6337,381,70,311,282,165
"189",-98.35,28.47099,216,291,127,637,94,23,40,216,98,176,104,135,42,6402,366,47,319,264,144
"190",-99.0787,26.49635,231,302,146,535,111,16,58,227,64,159,71,128,42,6088,374,73,301,274,163
"191",-99.14299,28.36601,218,297,128,555,88,21,48,221,72,155,76,139,43,6534,371,50,321,265,147
"192",-99.29527,27.48444,228,302,141,468,85,14,50,178,62,123,71,133,43,6284,374,65,309,275,159
"193",-98.98604,27.35885,218,289,133,541,102,18,51,208,73,150,79,135,44,6068,362,56,306,263,150
"194",-98.64888,27.66607,216,288,130,599,107,22,50,222,86,171,88,136,43,6138,361,51,310,261,147
"195",-99.31795,27.99804,223,302,134,531,87,23,45,199,75,145,77,140,43,6487,377,58,319,270,152
"196",-99.12668,27.38044,226,299,139,502,95,16,52,195,66,134,73,135,43,6221,372,62,310,272,157
"197",-99.49539,27.50116,234,308,146,428,77,12,51,160,55,114,64,132,42,6337,381,70,311,282,165
"198",-97.76472,28.45017,214,286,131,765,116,31,38,258,121,220,128,124,41,6065,355,57,298,262,146
"199",-98.75988,29.65837,189,267,102,817,105,42,30,266,143,211,143,131,41,6463,339,26,313,226,102
"200",-99.1616,26.5575,230,302,144,543,108,16,56,225,66,169,74,127,42,6186,373,71,302,274,160
"201",-99.19691,28.57746,215,293,125,572,82,23,44,210,77,159,82,138,43,6494,367,47,320,264,144
"202",-99.1153,26.51469,231,303,146,537,111,16,58,229,65,161,72,128,42,6111,375,73,302,274,163
"203",-99.52349,27.50035,235,309,147,429,79,12,52,162,53,115,62,132,42,6334,381,70,311,282,165
"204",-99.0182,28.14487,220,298,129,548,89,22,47,211,74,154,76,142,43,6550,374,50,324,268,148
"205",-99.06973,26.56673,229,299,143,540,112,16,56,222,67,161,75,128,42,6070,371,71,300,272,160
"206",-99.33159,28.0142,223,302,134,532,87,24,45,199,76,145,77,140,43,6492,378,58,320,270,152
"207",-97.73257,28.50502,215,286,131,776,118,31,38,260,121,227,128,124,41,6059,356,57,299,262,146
"208",-97.93809,28.4282,214,286,129,724,109,28,38,249,115,199,122,127,41,6111,358,54,304,262,145
"209",-98.31837,28.30967,215,289,127,644,98,24,41,224,99,177,104,134,42,6275,363,49,314,262,144
"210",-99.09142,27.41552,224,296,138,506,95,16,51,195,67,137,74,135,43,6163,370,61,309,270,156
"211",-99.58509,27.62754,231,307,143,451,89,14,56,185,53,123,58,134,42,6371,380,67,313,279,162
"212",-99.53188,27.58799,231,306,143,437,81,13,52,169,55,118,62,132,42,6377,379,67,312,278,162
"213",-99.47983,27.52904,232,306,145,422,74,12,49,156,56,110,65,131,42,6321,378,70,308,279,164
"214",-97.9522,27.53241,224,291,145,670,118,23,47,261,100,196,107,119,42,5693,356,75,281,267,160
"215",-99.42777,27.09342,233,306,146,523,123,12,70,243,51,131,61,134,42,6252,380,68,312,280,163
"216",-99.11539,26.51466,231,303,146,537,111,16,58,229,65,161,72,128,42,6111,375,73,302,274,163
"217",-99.38507,29.77987,188,269,98,708,93,33,34,233,109,206,109,135,41,6679,341,16,325,238,98
"218",-99.50752,27.5064,235,309,146,428,78,12,51,161,54,114,63,132,42,6346,381,70,311,282,165
"219",-99.18817,29.63684,192,271,103,720,96,35,33,240,118,200,118,131,41,6540,343,26,317,231,103
"220",-98.33918,28.48985,216,291,127,639,94,24,40,217,99,176,104,135,42,6404,365,47,318,264,144
"221",-99.76792,29.18379,205,284,112,607,82,26,41,212,84,185,85,137,41,6705,356,28,328,254,123
"222",-99.0441,28.12248,221,298,131,545,89,22,46,210,74,153,76,142,43,6507,375,50,325,268,149
"223",-99.4677,27.6259,227,302,140,451,81,14,50,173,59,121,66,133,42,6321,375,65,310,273,159
"224",-99.12871,26.56647,229,300,143,544,112,16,57,225,66,166,74,127,42,6106,371,70,301,272,160
"225",-99.11533,26.51467,231,303,146,537,111,16,58,229,65,161,72,128,42,6111,375,73,302,274,163
"226",-100.27096,25.54828,205,262,139,610,157,13,86,326,41,248,41,126,48,4875,328,66,262,237,153
"227",-99.54712,27.61622,230,306,143,446,84,14,52,175,56,120,62,133,42,6360,378,66,312,277,161
"228",-97.72765,26.81169,225,287,148,657,128,18,52,259,93,186,107,105,40,5421,344,83,261,266,194
"229",-99.00011,28.46588,215,293,125,571,85,21,46,219,76,159,81,142,43,6527,369,44,325,264,143
"230",-98.75473,26.79833,224,290,142,565,110,18,53,221,77,160,85,130,43,5797,364,68,296,266,159
"231",-99.55409,29.78522,186,267,93,695,90,31,36,235,101,209,101,138,41,6766,340,10,330,236,93
"232",-99.43839,27.58999,229,304,141,440,78,13,50,166,58,117,66,133,42,6356,376,66,310,275,160
"233",-99.46637,27.62627,227,301,140,456,81,15,49,174,60,123,66,133,42,6316,374,64,310,273,158
"234",-99.46522,27.62724,227,301,140,456,81,15,49,174,60,123,66,133,42,6316,374,64,310,273,158
"235",-99.15662,29.18467,207,285,118,654,94,32,40,235,108,175,110,133,41,6502,358,40,318,246,136
"236",-99.35263,28.02335,223,302,134,536,87,24,45,200,76,146,77,140,43,6493,378,58,320,269,152
"237",-99.78866,29.18736,205,284,112,607,82,26,41,212,84,185,85,138,42,6677,356,28,328,254,124
"238",-97.05663,28.02161,218,284,138,889,159,33,43,338,136,248,159,88,35,5670,328,78,250,263,182
"239",-98.62792,29.63557,196,276,108,800,103,42,31,260,142,204,142,127,40,6583,346,34,312,233,108
"240",-99.07572,28.53498,215,293,125,577,84,22,44,217,77,161,82,140,43,6488,368,45,323,263,144
"241",-99.1376,28.55614,215,293,125,574,83,22,45,214,77,161,82,139,43,6499,368,46,322,263,144
"242",-99.86403,24.71203,183,214,146,629,127,16,70,291,50,261,50,152,64,2681,293,58,235,208,154
"243",-99.77783,28.2019,221,300,132,542,83,21,46,202,74,150,75,136,42,6518,375,56,319,269,151
"244",-99.79397,28.2424,221,300,132,543,81,21,46,201,74,151,75,136,42,6554,376,56,320,270,151
"245",-97.76678,28.4028,215,287,132,762,116,31,38,259,121,218,128,123,41,6059,356,59,297,262,147
"246",-98.89478,20.72304,205,234,166,804,181,12,80,406,45,315,45,153,62,2802,321,77,244,226,166
"247",-99.2537,28.55918,215,293,125,571,82,23,45,212,77,158,82,137,42,6483,367,48,319,263,144
"248",-97.64305,28.26719,217,288,134,808,130,31,40,283,127,238,135,118,40,5978,354,63,291,264,149
"249",-97.84106,28.53959,214,286,129,748,112,30,37,251,119,210,126,127,41,6117,357,54,303,261,144
"250",-98.14995,28.01148,217,288,133,684,114,26,44,252,104,188,108,129,42,6042,360,58,302,263,149
"251",-98.31742,28.30989,215,289,127,644,98,24,41,224,99,177,104,134,42,6275,363,49,314,262,144
"252",-99.866,24.71457,183,214,146,629,127,16,70,291,50,261,50,152,64,2681,293,58,235,208,154
"253",-99.72942,23.89934,121,144,89,811,161,20,65,357,78,297,79,143,66,2156,227,12,215,136,96
"254",-98.06644,28.49364,215,289,128,693,102,26,39,236,109,187,117,131,42,6248,362,51,311,263,144
"255",-97.93475,28.581,212,286,126,732,108,29,37,246,118,200,125,129,42,6183,357,50,307,259,142
"256",-97.92828,28.58945,211,284,126,734,109,29,37,247,118,201,125,129,42,6157,356,50,306,259,142
"257",-98.03347,28.73451,211,286,123,714,104,28,37,237,117,190,124,132,42,6319,359,45,314,259,140
"258",-99.4758,27.49238,234,308,146,428,77,12,51,160,55,113,64,132,42,6324,380,70,310,282,165
"259",-97.93283,28.58542,211,284,126,734,109,29,37,247,118,201,125,129,42,6157,356,50,306,259,142
"260",-97.93321,28.59013,211,284,126,734,109,29,37,247,118,201,125,129,42,6157,356,50,306,259,142
"261",-98.03495,28.50031,214,287,127,700,103,26,38,238,111,190,119,130,41,6241,360,50,310,262,143
"262",-98.95208,26.94289,225,294,140,533,106,17,54,209,71,149,78,133,43,6008,368,65,303,269,158
"263",-99.42932,27.57155,230,305,142,436,77,13,49,164,58,114,66,132,42,6358,377,67,310,277,161
"264",-99.47825,27.5971,230,305,143,438,78,13,50,166,57,117,65,132,42,6323,377,68,309,277,162
"265",-96.44348,17.30734,154,169,136,1033,192,13,82,541,44,107,91,133,71,1291,246,60,186,155,148
"266",-100.27015,25.54987,205,262,139,610,157,13,86,326,41,248,41,126,48,4875,328,66,262,237,153
"267",-98.26223,26.61056,227,291,148,600,109,17,51,231,83,176,94,124,43,5565,361,77,284,269,165
"268",-97.6664,28.61527,213,285,130,802,120,32,37,267,126,232,134,126,42,6030,355,55,300,260,145
"269",-98.9638,27.29971,219,289,134,541,103,18,52,208,73,150,79,134,43,6024,363,57,306,264,151
"270",-97.84372,28.76303,210,284,124,751,111,30,37,249,124,199,132,130,42,6212,356,47,309,258,140
"271",-98.70551,28.44276,215,292,125,591,88,22,42,212,85,165,89,142,43,6484,368,42,326,264,143
"272",-97.49753,26.50384,223,283,150,669,141,19,55,263,93,169,115,89,37,5205,329,89,240,264,194
"273",-99.73997,29.61298,193,274,100,660,84,28,38,227,93,204,93,138,41,6786,345,15,330,243,100
"274",-100.53391,26.5374,214,279,135,463,114,12,72,230,46,169,47,133,45,5606,351,59,292,275,154
"275",-99.09095,26.47652,231,301,147,536,111,17,58,230,65,158,71,128,42,6046,374,74,300,274,164
"276",-98.98158,27.35566,218,288,133,543,102,18,51,209,73,151,79,135,44,6044,362,56,306,263,150
"277",-98.33147,26.16267,233,294,156,543,100,12,53,206,71,155,87,121,43,5409,362,86,276,274,173
"278",-97.89947,28.68729,210,284,124,742,109,30,37,247,121,201,128,129,41,6205,356,48,308,258,140
"279",-99.22868,28.26976,220,299,130,548,87,22,47,214,73,152,76,139,43,6528,374,53,321,267,149
"280",-99.44379,27.04453,233,306,145,532,128,12,71,250,52,132,62,134,42,6269,380,68,312,279,163
"281",-98.8595,26.37229,236,304,154,530,109,16,56,212,69,148,77,130,43,5837,378,81,297,278,174
"282",-97.89686,27.52006,224,291,145,675,117,23,46,264,101,199,108,117,42,5680,353,75,278,267,160
"283",-99.08696,26.47681,231,301,147,536,111,17,58,230,65,158,71,128,42,6046,374,74,300,274,164
"284",-99.14442,26.52829,231,303,145,542,110,16,57,229,64,166,72,127,41,6168,375,72,303,274,162
"285",-98.85959,26.37233,236,304,154,530,109,16,56,212,69,148,77,130,43,5837,378,81,297,278,174
"286",-99.38121,29.8265,183,263,93,730,95,34,34,242,111,213,111,136,41,6624,336,12,324,232,93
"287",-98.65444,29.23077,208,286,120,679,95,32,37,228,111,168,115,129,41,6481,356,45,311,257,130
"288",-99.38303,29.82337,184,265,94,728,95,34,34,242,111,212,111,136,41,6655,337,12,325,234,94
"289",-99.11865,26.52096,231,303,146,536,110,16,58,227,65,162,72,128,42,6121,375,73,302,274,163
"290",-99.52424,27.50015,235,309,147,429,79,12,52,162,53,115,62,132,42,6334,381,70,311,282,165
"291",-98.19374,27.91822,218,289,135,671,116,25,47,250,100,185,104,130,43,5983,361,59,302,264,151
"292",-99.11598,26.5146,231,303,146,537,111,16,58,229,65,161,72,128,42,6111,375,73,302,274,163
"293",-98.72349,26.30911,237,302,156,569,100,17,50,216,80,174,91,128,43,5704,375,84,291,279,176
"294",-98.32529,26.21595,232,293,155,562,103,13,54,215,74,163,89,121,43,5390,362,86,276,272,172
"295",-98.39208,26.18104,233,295,155,563,100,13,52,215,73,173,87,123,43,5469,365,85,280,274,173
"296",-99.20793,27.90873,223,300,133,522,88,21,47,199,72,145,75,140,43,6470,376,56,320,269,152
"297",-98.55247,28.45368,215,291,125,604,90,23,41,207,91,173,94,139,42,6473,367,43,324,264,142
"298",-99.44267,27.22458,235,307,147,490,108,12,64,214,52,126,62,133,42,6279,382,69,313,282,165
"299",-98.33859,27.44657,222,291,140,615,115,21,50,231,88,177,95,131,43,5899,362,64,298,265,150
"300",-98.04072,27.9624,219,290,136,701,120,26,45,262,105,194,110,127,42,5976,360,62,298,265,152
"301",-99.58842,27.62694,231,307,143,451,89,14,56,185,53,123,58,134,42,6371,380,67,313,279,162
"302",-99.11622,26.51476,231,303,146,537,111,16,58,229,65,161,72,128,42,6111,375,73,302,274,163
"303",-99.58552,27.62453,231,307,143,451,89,14,56,184,53,123,58,133,42,6399,380,67,313,279,162
"304",-99.49974,27.51923,233,308,145,425,76,12,50,159,55,113,64,132,42,6348,380,70,310,281,164
"305",-98.27056,28.45515,215,290,127,650,96,24,40,222,101,178,107,134,42,6352,364,47,317,263,143
"306",-99.21836,27.89304,223,300,134,519,88,21,46,197,72,142,75,140,43,6464,376,56,320,270,152
"307",-98.84537,29.6448,189,267,102,802,104,41,31,262,139,211,139,131,41,6421,339,26,313,226,102
"308",-99.47433,27.50949,233,307,145,425,75,12,49,157,56,112,65,132,42,6333,380,70,310,280,164
"309",-99.11568,26.51403,231,303,146,537,111,16,58,229,65,161,72,128,42,6111,375,73,302,274,163
"310",-98.47611,29.45611,206,288,120,697,93,36,33,225,119,166,126,121,39,6584,353,50,303,244,128
"311",-99.11623,26.51449,231,303,146,537,111,16,58,229,65,161,72,128,42,6111,375,73,302,274,163
"312",-99.10904,27.6969,223,298,135,512,90,19,48,194,70,141,74,138,43,6324,373,57,316,269,154
"313",-98.42523,27.8642,216,287,130,642,112,24,48,237,93,181,95,134,43,6092,360,53,307,261,147
"314",-98.49359,29.42413,207,288,120,680,92,34,34,219,114,159,122,121,39,6592,355,51,304,258,129
"315",-97.876,28.0614,219,290,136,735,122,27,43,270,112,208,118,123,41,5998,358,63,295,265,151
"316",-97.87771,28.06384,219,290,136,735,122,27,43,270,112,208,118,123,41,5998,358,63,295,265,151
"317",-99.10448,26.5094,231,302,146,537,111,16,58,228,65,161,72,128,42,6094,374,73,301,274,163
"318",-99.15314,26.58745,229,301,143,538,108,16,56,220,66,166,74,128,42,6159,372,70,302,273,159
"319",-99.3609,27.2035,232,304,144,500,108,13,62,215,56,127,66,134,43,6264,378,67,311,279,162
"320",-99.26042,26.8856,229,301,142,498,105,16,58,198,61,138,68,134,43,6207,374,65,309,275,160
"321",-98.47616,27.55183,219,289,134,604,114,21,51,223,84,174,91,134,43,6055,363,57,306,263,146
"322",-98.34314,28.47224,216,291,127,637,94,23,40,216,98,176,104,135,42,6402,366,47,319,264,144
"323",-98.28065,28.6353,214,290,126,660,95,25,38,221,104,179,110,135,42,6387,364,46,318,263,143
"324",-98.61424,27.90513,216,288,129,620,104,24,48,229,89,175,90,136,43,6160,362,50,312,262,146
"325",-98.30948,28.47569,216,291,127,641,94,24,40,217,100,175,106,135,42,6387,365,47,318,264,144
"326",-98.95111,27.10834,223,292,139,534,105,17,54,209,71,148,78,134,44,5982,366,62,304,267,156
"327",-97.40803,28.42021,216,285,135,889,140,34,39,311,137,267,147,119,41,5830,349,63,286,262,149
"328",-98.14638,27.09409,226,292,147,624,112,19,49,239,87,184,99,125,43,5686,361,76,285,268,162
"329",-99.40906,28.327,219,298,130,554,82,23,44,207,77,150,80,138,43,6514,373,54,319,267,149
"330",-99.40395,28.09788,221,300,133,551,86,26,43,201,81,148,82,139,43,6468,376,57,319,267,151
"331",-97.76872,26.79433,225,288,148,654,127,18,53,258,93,186,105,108,40,5427,346,82,264,266,162
"332",-99.25891,28.76275,214,291,124,591,85,26,40,207,86,164,90,138,42,6489,366,44,322,253,142
"333",-98.09954,27.90099,219,290,138,688,120,26,46,259,103,190,107,128,43,5913,360,63,297,264,153
"334",-99.55471,27.61529,232,307,143,442,85,13,55,177,54,120,60,133,42,6399,380,67,313,279,162
"335",-99.5831,29.8224,184,265,90,701,90,31,36,239,101,212,101,139,41,6809,337,6,331,233,90
"336",-98.42995,27.78776,217,288,132,631,113,24,49,233,91,178,94,134,43,6060,361,55,306,262,145
"337",-99.40881,27.90426,223,301,136,514,87,21,47,196,71,141,73,138,43,6439,376,60,316,269,154
"338",-98.70392,27.69569,215,286,129,597,105,22,49,222,85,170,87,137,44,6125,360,50,310,260,146
"339",-99.98314,29.36191,201,282,108,616,78,25,40,213,83,193,83,139,41,6778,354,22,332,251,108
"340",-99.58205,24.82916,226,285,156,828,161,21,65,359,69,292,69,139,48,5076,362,76,286,261,156
"341",-99.5887,27.62763,231,307,143,451,89,14,56,185,53,123,58,134,42,6371,380,67,313,279,162
"342",-99.25067,27.53394,227,301,140,477,86,15,50,181,63,127,71,134,43,6260,374,64,310,273,159
"343",-99.41076,28.3269,219,298,130,554,82,23,44,207,77,150,80,138,43,6514,373,54,319,267,149
"344",-99.25856,27.51242,227,300,140,474,86,15,50,181,63,126,71,134,43,6264,374,63,311,273,158
"345",-99.09033,26.47654,231,301,147,536,111,17,58,230,65,158,71,128,42,6046,374,74,300,274,164
"346",-99.40515,29.76207,187,267,97,711,93,33,34,235,109,208,109,135,41,6635,339,15,324,237,97
"347",-97.50534,28.97853,210,284,125,860,129,39,35,275,151,208,162,129,42,6147,356,49,307,244,141
"348",-99.1159,26.51464,231,303,146,537,111,16,58,229,65,161,72,128,42,6111,375,73,302,274,163
"349",-97.95592,26.12603,230,290,157,618,115,17,50,233,86,184,98,111,42,5185,352,90,262,270,171
"350",-98.5414,29.2996,209,289,122,662,93,32,36,219,107,155,117,124,40,6541,358,50,308,260,131
"351",-99.13161,28.41819,216,293,127,564,88,21,47,223,72,159,77,139,43,6444,369,48,321,263,145
"352",-98.13618,26.29084,230,291,155,588,108,15,51,224,80,172,94,117,43,5285,357,87,270,271,170
"353",-99.11589,26.51497,231,303,146,537,111,16,58,229,65,161,72,128,42,6111,375,73,302,274,163
"354",-97.85608,27.51591,224,291,146,679,116,23,46,265,103,202,111,114,41,5649,352,77,275,267,160
"355",-97.97143,28.24454,219,291,134,702,109,26,41,249,109,191,117,127,42,6122,361,59,302,266,150
"356",-98.56355,29.24753,209,289,122,667,94,32,37,222,108,161,116,126,40,6532,358,48,310,259,131
"357",-99.27221,26.90484,229,300,141,507,108,15,58,203,61,140,69,134,43,6198,373,64,309,274,159
"358",-97.92156,28.10658,219,289,136,726,119,27,43,264,112,202,118,124,41,5992,358,61,297,265,151
"359",-99.11418,26.51457,231,303,146,537,111,16,58,229,65,161,72,128,42,6111,375,73,302,274,163
"360",-99.66251,29.8335,181,264,88,701,88,30,36,241,100,215,100,141,41,6843,337,1,336,232,88
"361",-98.26574,26.20841,232,293,156,559,103,13,53,213,74,161,89,119,43,5342,360,87,273,272,172
"362",-99.11539,26.51608,231,303,146,537,111,16,58,229,65,161,72,128,42,6111,375,73,302,274,163
"363",-97.86165,28.05862,219,289,137,744,124,28,43,273,115,211,121,122,41,5947,357,63,294,265,151
"364",-99.65745,27.92313,225,303,136,511,92,19,51,204,66,141,68,136,42,6492,378,61,317,272,155
"365",-99.10455,26.58064,229,300,143,540,111,16,56,222,66,164,74,128,42,6129,372,71,301,272,160
"366",-97.95524,26.12686,230,290,157,618,115,17,50,233,86,184,98,111,42,5185,352,90,262,270,171
"367",-97.52866,28.86805,211,283,127,848,126,37,35,273,143,216,154,128,42,6063,354,51,303,258,142
"368",-99.12721,28.55989,215,293,125,577,83,22,44,214,77,161,83,139,43,6498,368,46,322,263,144
"369",-97.66108,26.83759,224,286,148,660,130,18,52,261,93,183,108,102,39,5376,340,84,256,265,193
"370",-97.95766,26.12432,231,290,158,615,114,17,49,232,85,183,97,112,42,5166,352,90,262,270,172
"371",-97.95807,26.12832,230,290,157,618,115,17,50,233,86,184,98,111,42,5185,352,90,262,270,171
"372",-98.18248,28.46027,216,291,129,660,97,24,39,226,103,176,111,133,42,6296,364,50,314,264,145
"373",-99.15001,26.58458,229,301,143,538,108,16,56,220,66,166,74,128,42,6159,372,70,302,273,159
"374",-99.81937,27.78485,227,305,139,489,98,16,58,207,59,136,61,136,42,6470,380,62,318,275,157
"375",-99.14837,26.5816,229,300,143,539,109,16,57,221,66,166,74,128,42,6113,372,70,302,272,160
"376",-97.85199,28.76994,210,284,124,751,110,31,36,248,125,199,132,130,42,6218,356,47,309,258,139
"377",-97.9705,29.55178,203,284,113,806,105,41,32,268,148,188,154,128,40,6650,357,39,318,240,130
"378",-98.52843,27.44227,220,290,136,591,110,20,51,219,85,170,90,135,44,5991,363,59,304,264,152
"379",-97.95123,26.12631,230,290,157,618,115,17,50,233,86,184,98,111,42,5185,352,90,262,270,171
"380",-98.88428,29.33975,203,280,115,707,96,35,35,239,117,187,119,131,41,6421,352,39,313,241,125
"381",-98.01748,28.98275,210,287,121,724,104,30,35,233,123,184,130,133,41,6445,360,41,319,259,137
"382",-99.49566,27.50156,234,308,146,428,77,12,51,160,55,114,64,132,42,6337,381,70,311,282,165
"383",-98.88263,29.34248,206,284,118,690,94,34,35,233,114,181,116,132,42,6476,356,42,314,244,128
"384",-99.06254,28.74719,213,289,123,614,87,25,41,212,87,172,92,140,43,6443,365,42,323,252,141
"385",-99.11419,26.55291,229,300,144,542,112,16,57,225,66,165,74,128,42,6075,372,71,301,272,161
"386",-99.90307,29.20594,204,284,111,600,79,25,40,209,82,183,82,138,41,6741,357,27,330,255,130
"387",-99.11404,26.53981,230,301,145,542,112,16,57,227,65,164,73,128,42,6092,372,72,300,273,161
"388",-97.27111,28.32444,216,284,136,937,159,34,43,342,144,280,155,114,40,5770,344,65,279,261,150
"389",-98.13405,27.96147,218,289,135,684,117,26,45,255,103,188,107,129,42,5969,360,59,301,263,151
"390",-97.55422,26.4024,225,284,154,674,140,20,53,269,95,177,113,95,39,5090,334,91,243,265,196
"391",-97.60485,27.18924,224,287,148,671,125,18,51,269,97,193,109,100,39,5445,340,84,256,267,161
"392",-97.24436,28.22997,216,284,136,929,161,34,43,344,144,273,155,108,39,5771,341,68,273,262,150
"393",-98.22274,28.40714,217,293,129,651,97,23,40,225,100,175,108,133,42,6322,366,51,315,265,146
"394",-97.42118,25.85196,232,288,165,689,147,22,56,292,93,179,109,97,41,4814,339,106,233,270,177
"395",-98.24769,27.70766,220,290,138,650,120,24,50,246,94,183,98,131,43,5929,361,62,299,264,149
"397",-98.29279,28.31822,215,289,128,646,98,24,41,225,100,177,105,134,42,6266,363,49,314,263,144
"398",-99.25843,26.88117,230,301,143,496,104,16,57,196,61,138,68,134,43,6162,375,66,309,275,161
"399",-99.38303,28.29293,219,297,130,557,84,23,45,210,76,152,79,138,43,6485,372,54,318,266,148
"400",-97.79274,27.13313,225,289,148,650,119,18,50,257,93,191,104,110,41,5505,348,82,266,267,162
"401",-98.27592,28.33445,215,289,127,652,98,24,41,227,100,178,106,133,42,6290,362,49,313,262,143
"402",-98.66976,27.38062,219,289,134,570,105,20,51,212,82,163,86,135,44,6018,362,57,305,263,151
"403",-98.68937,28.47116,215,292,125,596,88,22,42,212,86,167,90,141,43,6481,368,42,326,263,142
"404",-98.54895,29.22532,209,288,121,671,94,32,37,222,109,163,116,126,40,6517,357,48,309,258,131
"405",-98.61699,26.76226,225,292,144,576,109,18,52,223,80,164,89,130,44,5757,364,70,294,267,161
"406",-99.47838,27.54092,232,306,145,425,75,12,49,158,56,112,65,131,42,6298,378,70,308,279,164
"407",-99.50535,29.68407,189,269,99,690,90,31,36,230,102,206,102,135,41,6649,341,17,324,239,99
"408",-99.482,27.29955,235,308,148,473,99,12,60,196,52,124,62,133,42,6266,382,70,312,283,165
"409",-99.13462,29.82249,189,269,99,742,98,35,33,242,120,206,120,134,41,6597,341,20,321,228,99
"410",-98.96092,29.52336,197,276,109,737,99,38,33,250,125,198,127,130,41,6514,347,33,314,235,118
"411",-99.49398,27.43679,236,310,148,439,83,12,53,167,53,118,63,132,42,6329,383,71,312,285,166
"412",-98.3202,28.42239,217,292,127,635,95,23,41,218,97,174,103,135,42,6397,367,48,319,265,145
"413",-97.50407,26.49276,223,283,150,670,141,19,55,264,93,170,115,90,37,5182,329,89,240,264,193
"414",-99.20357,26.84772,228,299,142,502,103,16,57,198,62,142,69,132,42,6153,372,65,307,273,159
"415",-98.80074,26.38449,236,303,154,544,107,17,54,213,74,154,82,130,44,5810,377,82,295,278,174
"416",-99.11644,26.51463,231,303,146,537,111,16,58,229,65,161,72,128,42,6111,375,73,302,274,163
"417",-97.7445,26.68657,225,286,149,658,131,18,54,261,92,186,105,107,40,5346,345,83,262,266,195
"418",-97.91728,27.51786,224,291,146,673,117,23,46,263,101,198,108,118,42,5679,355,76,279,267,160
"419",-99.09558,26.52642,230,301,144,541,112,16,57,227,65,162,73,128,42,6116,373,72,301,274,162
"420",-97.8302,27.46489,224,291,147,674,115,22,46,264,102,200,111,113,41,5620,351,78,273,268,161
"421",-97.89811,27.52131,224,291,145,675,117,23,46,264,101,199,108,117,42,5680,353,75,278,267,160
"422",-99.57892,27.63191,230,306,143,452,88,14,55,183,55,123,60,133,42,6362,379,66,313,278,161
"423",-99.16435,27.56309,225,299,137,495,89,17,49,188,67,133,73,136,43,6299,373,61,312,271,156
"424",-99.32644,28.55791,216,293,127,564,80,23,44,208,77,155,81,136,42,6442,368,50,318,263,146
"425",-99.53042,27.61436,230,306,142,445,83,14,52,174,56,119,62,133,42,6374,378,66,312,277,161
"426",-98.73962,29.24567,208,286,120,685,95,33,37,230,112,173,114,131,41,6471,357,44,313,257,130
"427",-98.64937,29.27242,209,288,121,668,93,32,37,223,109,163,114,128,41,6520,358,47,311,258,131
"428",-98.99918,26.61186,228,298,144,536,110,16,56,218,68,156,76,129,43,5986,370,71,299,271,162
"429",-99.17863,28.69106,213,291,124,593,85,26,40,205,86,164,91,139,43,6474,366,44,322,253,142
"430",-99.36001,28.03396,222,301,133,541,87,25,44,201,78,147,78,140,43,6488,377,57,320,268,152
"431",-97.68557,28.25418,217,288,134,795,128,30,40,279,124,233,132,119,40,5990,354,62,292,264,148
"432",-99.17866,28.69106,213,291,124,593,85,26,40,205,86,164,91,139,43,6474,366,44,322,253,142
"433",-98.55148,29.24664,209,289,122,668,94,32,37,222,108,161,116,126,40,6542,358,48,310,260,131
"434",-99.87379,28.48916,219,297,128,549,79,21,46,201,72,160,74,134,41,6564,371,51,320,267,138
"435",-99.76288,25.04356,220,279,152,865,183,19,67,402,65,306,65,139,48,5033,356,71,285,254,152
"436",-98.59057,27.1516,222,291,139,572,106,19,51,215,81,164,88,133,44,5917,364,63,301,266,155
"437",-99.12685,27.37706,226,299,139,502,95,16,52,195,66,134,73,135,43,6221,372,62,310,272,157
"438",-99.14932,26.58448,229,300,143,538,109,16,57,220,66,165,74,128,42,6103,371,70,301,272,160
"439",-99.57767,27.6324,230,306,143,452,88,14,55,183,55,123,60,133,42,6362,379,66,313,278,161
"440",-99.15073,28.54708,215,293,126,573,84,22,45,216,76,160,81,139,43,6489,368,47,321,263,144
"441",-97.70485,26.68918,225,286,149,663,132,18,53,262,93,184,108,104,40,5338,342,83,259,265,195
"442",-99.18431,28.57073,216,293,126,571,82,23,44,211,77,159,82,138,42,6499,368,47,321,263,145
"443",-99.70438,28.47338,219,298,130,550,80,23,45,197,77,151,78,135,42,6534,372,53,319,267,139
"444",-97.74055,26.89054,224,287,148,654,126,18,52,259,93,187,105,106,40,5430,344,83,261,266,162
"445",-99.16189,28.57327,216,293,126,572,82,22,44,211,77,160,83,138,42,6487,368,47,321,264,144
"446",-97.80761,27.9583,221,291,139,755,129,28,44,281,116,218,121,120,41,5904,357,67,290,267,154
"447",-97.75073,28.41594,215,287,131,767,117,31,38,260,122,220,129,122,41,6047,354,59,295,262,146
"448",-98.30249,28.74746,213,290,124,669,95,25,38,221,105,181,112,135,42,6447,364,43,321,251,140
"449",-97.39637,27.8006,221,287,144,795,143,30,45,318,125,213,134,97,37,5587,339,81,258,266,156
"450",-99.78177,29.23031,203,283,111,612,82,26,40,214,85,188,85,137,41,6685,355,27,328,253,129
"451",-99.42421,27.20548,234,307,146,495,110,12,64,217,52,126,62,134,42,6277,381,68,313,281,164
"452",-97.70004,26.74316,224,286,149,662,131,18,53,261,93,185,108,104,40,5358,342,83,259,265,194
"453",-97.64669,26.70513,224,285,148,665,134,18,53,263,93,182,110,100,39,5360,338,84,254,265,193
"454",-97.86678,27.41428,224,291,147,665,115,21,47,261,99,198,108,115,41,5627,352,78,274,267,161
"455",-97.67571,26.13367,230,288,162,671,134,22,52,271,96,189,107,102,41,4933,343,99,244,269,175
"456",-97.71721,26.78056,224,286,148,660,129,18,52,260,93,186,107,105,40,5382,344,83,261,266,194
"457",-99.46282,29.48155,202,280,112,636,86,30,36,215,98,187,100,130,41,6591,350,33,317,242,129
"458",-99.15344,28.55636,216,293,126,572,83,22,45,214,76,160,81,139,43,6469,368,47,321,263,145
"459",-99.25281,28.591,215,292,126,571,80,23,44,207,78,158,83,137,42,6451,367,48,319,263,145
"460",-99.08789,28.53969,215,293,125,577,84,22,44,217,77,161,82,140,43,6490,368,45,323,263,143
"461",-99.25967,28.59283,215,293,126,570,80,23,44,206,78,157,83,137,42,6469,367,48,319,263,145
"462",-99.05886,28.53464,215,293,125,577,84,22,44,216,77,160,82,140,43,6488,368,45,323,264,143
"463",-99.27628,28.59794,215,293,126,569,80,23,43,205,78,157,83,137,42,6491,367,48,319,263,145
"464",-99.04006,28.52111,216,293,125,576,84,22,44,217,77,161,82,142,43,6525,369,44,325,263,143
"465",-99.24269,28.59072,216,293,126,571,80,23,44,207,78,158,83,137,42,6473,367,48,319,263,145
"466",-98.85695,28.98021,211,286,121,667,94,28,40,227,99,182,102,138,43,6383,360,41,319,249,139
"467",-99.91374,29.60969,187,268,94,686,84,28,39,240,92,218,92,141,42,6767,340,7,333,237,94
"468",-99.33837,27.09481,230,301,143,517,116,13,64,227,56,132,66,134,43,6182,375,66,309,276,161
"469",-98.59062,28.13542,216,291,128,608,97,23,45,221,88,172,90,138,43,6324,365,47,318,263,145
"470",-99.36465,26.98498,230,301,143,520,119,14,65,226,57,134,66,134,43,6199,375,65,310,276,160
"471",-98.39089,26.48364,226,290,148,595,106,17,52,229,82,174,93,125,43,5529,361,76,285,267,164
"472",-98.52964,28.39704,215,291,125,606,91,23,41,206,93,175,96,138,42,6429,367,44,323,263,143
"473",-99.21198,26.9443,229,301,142,506,107,15,58,204,61,138,69,133,43,6200,374,65,309,274,160
"474",-97.70828,26.68428,225,286,149,663,132,18,53,262,93,184,108,104,40,5338,342,83,259,265,195
"475",-99.43937,27.22244,234,306,147,492,108,12,63,214,52,127,62,133,42,6237,381,69,312,281,164
"476",-97.68562,26.78546,224,286,148,661,130,18,52,261,93,184,108,103,39,5360,341,83,258,265,194
"477",-99.68255,29.52379,196,276,104,649,84,28,38,222,93,200,93,135,41,6704,347,22,325,246,122
"478",-97.80039,28.4157,215,287,131,751,114,30,38,256,119,213,126,124,41,6076,357,58,299,262,146
"479",-99.78238,29.7183,187,269,94,677,85,28,38,235,94,210,94,141,42,6834,342,7,335,238,94
"480",-98.33973,28.47196,216,291,126,636,94,23,40,216,98,175,104,135,42,6406,365,47,318,264,144
"481",-100.27118,25.54285,205,262,139,610,157,13,86,326,41,248,41,126,48,4875,328,66,262,237,153
"482",-99.78222,29.71867,187,269,94,677,85,28,38,235,94,210,94,141,42,6834,342,7,335,238,94
"483",-99.19418,30.01954,184,265,93,738,97,34,34,245,114,210,114,138,42,6663,338,12,326,233,93
"484",-98.83713,27.70602,218,291,131,562,99,21,49,211,78,159,81,138,43,6249,366,52,314,264,148
"485",-98.27185,28.45481,215,290,127,650,96,24,40,222,101,178,107,134,42,6352,364,47,317,263,143
"486",-99.1161,26.51449,231,303,146,537,111,16,58,229,65,161,72,128,42,6111,375,73,302,274,163
"487",-99.495,27.49955,234,309,147,429,78,12,51,161,55,114,64,132,42,6337,381,70,311,282,165
"488",-98.77275,27.14944,221,289,137,558,106,18,52,212,78,157,85,133,44,5924,363,61,302,264,154
"489",-99.44,27.02488,232,304,144,529,127,12,70,246,52,133,62,134,42,6252,379,67,312,279,162
"490",-97.77214,26.78914,225,288,148,654,127,18,53,258,93,186,105,108,40,5427,347,82,265,266,162
"491",-99.24281,29.78009,191,271,100,715,95,34,33,233,114,202,114,134,41,6639,343,21,322,230,100
"492",-99.15221,26.58906,229,301,143,538,108,16,56,220,66,166,74,128,42,6159,372,70,302,273,159
"493",-99.44405,27.04447,233,306,145,532,128,12,71,250,52,132,62,134,42,6269,380,68,312,279,163
"494",-99.44389,27.0446,233,306,145,532,128,12,71,250,52,132,62,134,42,6269,380,68,312,279,163
"495",-99.11595,26.51461,231,303,146,537,111,16,58,229,65,161,72,128,42,6111,375,73,302,274,163
"496",-99.44404,27.04401,233,306,145,532,128,12,71,250,52,132,62,134,42,6269,380,68,312,279,163
"497",-99.11545,26.51463,231,303,146,537,111,16,58,229,65,161,72,128,42,6111,375,73,302,274,163
"498",-96.98505,28.13255,216,283,136,924,160,35,41,339,141,262,167,90,35,5742,328,74,254,262,180
"499",-97.71721,26.81427,225,287,148,659,129,18,53,261,93,186,107,105,40,5402,344,83,261,266,194
"500",-98.38669,28.6753,214,291,124,655,94,24,39,219,100,179,107,136,42,6487,365,43,322,263,141
"501",-97.64183,27.86696,221,290,139,791,138,29,45,299,123,231,129,113,40,5862,351,70,281,266,154
"502",-98.02757,28.19793,216,288,132,703,110,26,41,252,109,191,116,127,42,6093,359,57,302,263,147
"503",-99.52858,28.99853,209,286,118,598,84,26,40,209,88,172,89,135,42,6534,359,38,321,249,137
"504",-97.74023,26.7031,225,286,149,660,131,18,53,261,92,186,106,106,40,5350,344,83,261,266,195
"505",-98.41055,28.50023,215,291,125,632,93,23,40,213,97,176,103,136,42,6412,366,45,321,264,143
"506",-97.99667,29.04814,208,285,119,739,104,31,34,237,128,185,136,132,41,6412,358,40,318,244,135
"507",-99.33296,28.30429,219,298,130,554,85,23,45,211,76,151,79,138,43,6526,373,53,320,266,149
"508",-98.37433,28.51244,215,291,125,637,93,24,39,215,99,176,104,136,42,6436,366,46,320,264,143
"509",-99.94675,29.30197,202,283,109,612,79,25,40,211,83,190,83,138,41,6788,355,24,331,253,109
"510",-97.72904,28.40682,215,287,132,770,118,31,38,261,122,221,130,122,41,6014,355,60,295,263,147
"511",-98.03101,29.23368,207,285,118,743,100,34,32,240,134,179,141,131,41,6497,358,40,318,244,134
"512",-99.12496,26.565,230,301,144,540,111,16,56,223,66,164,74,128,42,6140,373,70,303,273,161
"513",-99.11685,26.51574,231,302,146,539,111,16,58,230,65,163,72,127,42,6109,375,73,302,274,163
"514",-97.73437,28.4059,215,287,132,769,117,31,38,260,122,221,130,122,41,6024,355,59,296,262,147
"515",-97.94775,28.19732,219,291,134,712,113,26,41,255,110,195,118,126,41,6076,361,60,301,266,150
"516",-98.5681,29.04055,210,287,120,694,97,29,38,234,108,186,113,133,41,6499,360,41,319,247,137
"517",-99.51229,27.59464,230,305,142,437,80,13,51,169,55,117,62,132,42,6363,377,67,310,277,162
"518",-100.03435,29.72522,190,273,95,665,82,26,40,233,87,211,87,144,42,6933,347,7,340,241,95
"519",-97.81686,28.13444,218,289,135,757,124,28,42,273,117,216,124,122,41,5989,356,62,294,265,150
"520",-98.53251,29.13165,208,286,120,690,95,31,36,227,113,177,117,130,41,6480,357,43,314,246,131
"521",-97.59083,28.53056,215,286,133,823,124,33,38,276,128,245,136,124,41,5968,355,59,296,262,147
"522",-97.73163,28.41073,216,287,132,770,117,32,37,260,123,221,130,122,41,6025,355,60,295,263,147
"523",-97.41666,25.85163,232,287,165,686,147,22,56,292,94,177,109,96,41,4791,338,106,232,270,177
"524",-98.34862,28.48388,216,291,127,638,94,24,40,216,99,176,104,135,42,6389,366,47,319,264,144
"525",-99.11385,26.51421,231,303,146,537,111,16,58,229,65,161,72,128,42,6111,375,73,302,274,163
"526",-98.6495,26.602,226,291,146,578,109,18,52,226,81,166,90,128,43,5660,364,73,291,267,163
"527",-99.53509,27.59279,231,307,143,438,82,13,53,172,54,118,61,132,42,6396,379,67,312,278,162
"528",-97.82557,27.97197,220,291,138,749,128,28,44,279,115,215,120,121,41,5950,357,65,292,267,153
"529",-98.5492,28.46197,216,292,125,606,90,23,41,207,91,173,94,139,42,6487,368,43,325,264,142
"530",-98.00457,28.15205,219,291,135,703,112,26,42,254,108,192,115,127,42,6063,361,59,302,265,150
"531",-97.68568,26.69603,224,286,149,664,133,18,53,263,93,184,108,103,40,5325,341,84,257,265,194
"532",-98.38566,28.5233,216,292,126,632,93,23,40,214,97,175,103,136,42,6441,366,45,321,264,143
"533",-98.22121,28.47533,217,292,129,654,96,24,40,223,102,176,109,133,42,6353,366,50,316,265,145
"534",-98.97635,26.40849,234,304,151,522,107,16,56,212,65,151,72,129,43,5970,376,78,298,277,169
"535",-98.697,26.575,227,292,146,576,110,18,52,226,80,166,89,129,44,5690,365,73,292,268,164
"536",-99.47748,27.47683,235,309,147,431,79,12,52,163,55,114,64,132,42,6328,382,71,311,283,166
"537",-99.11609,26.51454,231,303,146,537,111,16,58,229,65,161,72,128,42,6111,375,73,302,274,163
"538",-97.86422,28.22243,216,289,133,744,118,28,40,264,116,209,123,123,41,6054,357,59,298,264,148
"539",-99.11247,26.51236,231,303,146,537,111,16,58,229,65,161,72,128,42,6111,375,73,302,274,163
"540",-99.51279,27.54481,232,307,144,427,78,12,51,162,54,114,63,132,42,6360,379,69,310,280,164
"541",-98.763,29.554,199,279,111,752,99,39,32,248,130,196,131,129,41,6556,349,37,312,237,121
"542",-98.23888,27.7639,220,290,137,654,119,24,49,247,96,183,99,131,43,5951,362,62,300,265,153
"543",-99.51569,27.63995,229,304,141,449,83,14,52,176,57,120,63,133,42,6375,377,66,311,276,160
"544",-99.08363,26.46873,232,303,147,534,110,17,57,229,65,157,70,128,42,6077,375,75,300,274,165
"545",-99.46369,27.80142,223,299,136,499,88,19,49,193,67,136,70,136,43,6365,374,60,314,270,154
"546",-100.41856,29.30489,202,283,109,555,78,20,43,205,70,171,73,136,41,6793,353,26,327,243,119
"547",-99.50712,27.5655,231,306,144,429,78,12,51,164,54,115,62,132,42,6310,378,69,309,278,163
"548",-99.43605,27.59723,229,304,141,443,78,14,50,167,59,117,66,132,42,6337,376,66,310,275,160
"549",-99.2039,26.6729,230,301,143,510,100,16,55,204,63,155,70,129,42,6175,373,69,304,274,160
"550",-98.01107,28.02325,218,289,135,706,118,26,44,261,107,196,113,126,42,5998,359,61,298,264,151
"551",-98.70392,26.5013,228,294,148,572,109,18,53,225,80,165,89,129,44,5715,367,75,292,270,165
"552",-97.58531,28.20644,217,287,135,835,138,31,42,299,130,246,138,117,40,5924,351,64,287,263,149
"553",-99.1158,26.51484,231,303,146,537,111,16,58,229,65,161,72,128,42,6111,375,73,302,274,163
"554",-99.11629,26.51458,231,303,146,537,111,16,58,229,65,161,72,128,42,6111,375,73,302,274,163
"555",-97.6072,26.88567,224,285,148,667,131,18,52,264,95,183,111,99,39,5354,337,84,253,265,193
"557",-97.73643,26.78423,224,286,149,659,129,18,53,260,93,186,107,106,40,5365,344,83,261,265,194
"558",-97.75686,26.79588,225,287,149,657,128,18,53,259,93,186,106,107,40,5393,345,83,262,267,195
"559",-98.27807,26.10735,233,293,157,506,98,11,57,189,65,130,82,119,43,5319,360,89,271,273,175
"560",-98.649,26.602,226,291,146,578,109,18,52,226,81,166,90,128,43,5660,364,73,291,267,163
"561",-98.2485,28.44349,217,292,129,649,96,24,40,223,101,176,107,134,42,6342,365,49,316,265,145
"562",-98.64856,29.27771,209,288,121,670,93,32,37,224,109,162,115,127,40,6516,357,47,310,258,131
"563",-100.20083,25.36839,172,207,131,758,175,13,76,379,55,313,59,139,61,2986,278,53,225,201,139
"564",-100.197,25.37,172,206,131,768,178,13,77,384,55,317,59,139,61,2983,277,52,225,201,139
"565",-100.19667,25.37028,172,206,131,768,178,13,77,384,55,317,59,139,61,2983,277,52,225,201,139
"566",-100.23406,25.46172,200,254,139,628,158,13,84,330,42,259,42,129,50,4547,322,65,257,231,152
"567",-100.198,25.367,172,206,131,768,178,13,77,384,55,317,59,139,61,2983,277,52,225,201,139
"568",-100.19778,25.36722,172,206,131,768,178,13,77,384,55,317,59,139,61,2983,277,52,225,201,139
"569",-100.20186,25.36853,172,207,131,758,175,13,76,379,55,313,59,139,61,2986,278,53,225,201,139
"570",-100.195,25.373,172,206,131,768,178,13,77,384,55,317,59,139,61,2983,277,52,225,201,139
"571",-100.07428,25.24031,216,275,149,882,200,18,75,440,61,337,61,135,48,4990,349,73,276,251,149
"572",-100.191,25.379,175,213,132,847,198,14,78,425,59,353,64,138,60,3190,282,55,227,207,140
"573",-100.074,25.24,216,275,149,882,200,18,75,440,61,337,61,135,48,4990,349,73,276,251,149
"574",-100.234,25.462,200,254,139,628,158,13,84,330,42,259,42,129,50,4547,322,65,257,231,152
"575",-100.343,25.497,194,245,135,528,131,10,81,274,36,218,39,131,52,4344,312,61,251,221,147
"576",-100.194,25.374,172,206,131,768,178,13,77,384,55,317,59,139,61,2983,277,52,225,201,139
"577",-100.081,25.243,207,259,147,722,170,14,77,363,49,284,49,134,51,4467,331,70,261,239,147
"578",-100.34317,25.49675,194,245,135,528,131,10,81,274,36,218,39,131,52,4344,312,61,251,221,147
"579",-100.06836,25.24008,216,275,149,882,200,18,75,440,61,337,61,135,48,4990,349,73,276,251,149
"580",-100.1925,25.37556,162,192,126,677,158,12,77,339,49,276,52,140,65,2610,263,48,215,187,133
"581",-100.202,25.369,172,207,131,758,175,13,76,379,55,313,59,139,61,2986,278,53,225,201,139
"582",-100.209,25.364,169,202,129,707,163,12,77,353,51,290,55,140,63,2883,273,51,222,196,137
"583",-100.19056,25.37861,175,213,132,847,198,14,78,425,59,353,64,138,60,3190,282,55,227,207,140
"584",-100.19389,25.37444,172,206,131,768,178,13,77,384,55,317,59,139,61,2983,277,52,225,201,139
"585",-100.19472,25.37333,172,206,131,768,178,13,77,384,55,317,59,139,61,2983,277,52,225,201,139
"586",-100.068,25.24,216,275,149,882,200,18,75,440,61,337,61,135,48,4990,349,73,276,251,149
"587",-100.23333,25.46278,205,261,140,675,170,13,84,355,43,279,43,128,49,4776,328,67,261,237,140
"588",-100.206,25.368,172,207,131,758,175,13,76,379,55,313,59,139,61,2986,278,53,225,201,139
"589",-100.201,25.368,172,207,131,758,175,13,76,379,55,313,59,139,61,2986,278,53,225,201,139
"590",-100.08114,25.24256,207,259,147,722,170,14,77,363,49,284,49,134,51,4467,331,70,261,239,147
"591",-99.44748,27.05014,233,305,145,536,129,12,72,253,52,133,62,134,42,6279,380,67,313,280,162
"592",-100.337,25.495,196,248,136,524,131,10,84,275,35,217,38,130,51,4429,315,61,254,225,148
"593",-100.33706,25.49522,196,248,136,524,131,10,84,275,35,217,38,130,51,4429,315,61,254,225,148
"594",-100.233,25.463,205,261,140,675,170,13,84,355,43,279,43,128,49,4776,328,67,261,237,140
"595",-100.20619,25.36819,172,207,131,758,175,13,76,379,55,313,59,139,61,2986,278,53,225,201,139
"596",-100.192,25.376,162,192,126,677,158,12,77,339,49,276,52,140,65,2610,263,48,215,187,133
"597",-100.20575,25.36761,172,207,131,758,175,13,76,379,55,313,59,139,61,2986,278,53,225,201,139
"598",-100.20908,25.36383,169,202,129,707,163,12,77,353,51,290,55,140,63,2883,273,51,222,196,137
"599",-99.42403,27.03741,231,303,143,531,126,12,69,245,53,133,64,134,43,6252,377,66,311,277,161
"600",-97.93456,28.18211,219,291,134,716,114,26,42,257,110,198,118,125,41,6103,361,60,301,266,150
"601",-99.12311,26.55893,230,301,144,540,111,16,56,223,66,164,74,128,42,6140,373,70,303,273,161
"602",-99.27141,26.90722,229,300,141,507,108,15,58,203,61,140,69,134,43,6198,373,64,309,274,159
"603",-98.24427,28.47053,216,291,128,655,96,24,39,223,102,177,109,134,42,6345,365,49,316,264,144
"604",-98.80688,27.10437,220,289,136,555,107,18,53,214,76,157,83,133,44,5946,362,60,302,264,153
"605",-100.20758,25.36525,165,196,127,683,158,12,77,341,50,279,53,140,63,2741,268,49,219,191,135
"606",-97.78498,29.12835,208,284,121,792,113,37,34,256,141,191,147,131,41,6339,357,43,314,244,136
"607",-100.34542,25.49597,194,245,135,528,131,10,81,274,36,218,39,131,52,4344,312,61,251,221,147
"608",-100.208,25.365,165,196,127,683,158,12,77,341,50,279,53,140,63,2741,268,49,219,191,135
"609",-100.345,25.496,194,245,135,528,131,10,81,274,36,218,39,131,52,4344,312,61,251,221,147
"610",-103.88249,29.28497,212,299,114,265,52,6,73,142,20,127,21,173,46,7260,385,13,372,288,134
"611",-100.20672,25.36597,165,196,127,683,158,12,77,341,50,279,53,140,63,2741,268,49,219,191,135
"612",-100.203,25.368,172,207,131,758,175,13,76,379,55,313,59,139,61,2986,278,53,225,201,139
"613",-99.22989,27.44248,229,302,142,478,89,15,52,184,63,126,71,134,43,6250,375,64,311,275,160
"614",-100.207,25.366,165,196,127,683,158,12,77,341,50,279,53,140,63,2741,268,49,219,191,135
"615",-99.54036,27.61875,230,305,142,448,84,14,52,176,56,120,62,133,42,6375,378,66,312,276,160
"616",-100.20344,25.36831,172,207,131,758,175,13,76,379,55,313,59,139,61,2986,278,53,225,201,139
"617",-99.14874,26.53269,231,303,145,542,110,16,57,229,64,166,72,127,41,6168,375,72,303,274,162
"618",-99.51759,27.63402,229,304,141,449,84,14,52,176,57,120,63,133,42,6377,378,66,312,276,160
"619",-100.235,25.46,200,254,139,628,158,13,84,330,42,259,42,129,50,4547,322,65,257,231,152
"620",-100.245,25.46,193,242,136,650,161,12,82,335,43,270,45,131,52,4180,310,61,249,236,148
"621",-100.248,25.46,193,242,136,650,161,12,82,335,43,270,45,131,52,4180,310,61,249,236,148
"622",-100.2415,25.46047,200,254,139,628,158,13,84,330,42,259,42,129,50,4547,322,65,257,231,152
"623",-100.07022,25.22522,217,275,149,884,199,18,74,440,61,337,61,135,48,5007,350,72,278,252,149
"624",-100.234,25.461,200,254,139,628,158,13,84,330,42,259,42,129,50,4547,322,65,257,231,152
"625",-100.242,25.46,193,242,136,650,161,12,82,335,43,270,45,131,52,4180,310,61,249,236,148
"626",-100.234,25.451,197,249,138,631,158,12,84,328,41,261,43,130,51,4373,316,64,252,226,150
"627",-100.238,25.46,200,254,139,628,158,13,84,330,42,259,42,129,50,4547,322,65,257,231,152
"628",-100.05692,25.229,220,281,151,928,205,20,72,458,66,346,66,136,48,5151,356,73,283,256,151
"629",-100.07,25.232,217,275,149,884,199,18,74,440,61,337,61,135,48,5007,350,72,278,252,149
"630",-100.239,25.459,200,254,139,628,158,13,84,330,42,259,42,129,50,4547,322,65,257,231,152
"631",-100.235,25.45953,200,254,139,628,158,13,84,330,42,259,42,129,50,4547,322,65,257,231,152
"632",-100.24583,25.46117,193,242,136,650,161,12,82,335,43,270,45,131,52,4180,310,61,249,236,148
"633",-100.23417,25.46083,200,254,139,628,158,13,84,330,42,259,42,129,50,4547,322,65,257,231,152
"634",-100.066,25.225,215,273,149,857,194,17,74,427,59,327,59,135,49,4933,347,72,275,250,149
"635",-100.041,25.232,218,278,150,917,204,19,73,453,65,342,65,136,48,5101,354,73,281,255,150
"636",-100.23347,25.46361,200,254,139,628,158,13,84,330,42,259,42,129,50,4547,322,65,257,231,152
"637",-100.24464,25.46175,193,242,136,650,161,12,82,335,43,270,45,131,52,4180,310,61,249,236,148
"638",-100.245,25.462,193,242,136,650,161,12,82,335,43,270,45,131,52,4180,310,61,249,236,148
"639",-100.233,25.464,205,261,140,675,170,13,84,355,43,279,43,128,49,4776,328,67,261,237,140
"640",-100.23383,25.45114,197,249,138,631,158,12,84,328,41,261,43,130,51,4373,316,64,252,226,150
"641",-100.071,25.229,217,275,149,884,199,18,74,440,61,337,61,135,48,5007,350,72,278,252,149
"642",-100.07,25.225,206,258,147,698,163,14,77,349,48,272,48,135,51,4415,330,70,260,238,147
"643",-100.0695,25.23236,217,275,149,884,199,18,74,440,61,337,61,135,48,5007,350,72,278,252,149
"644",-100.24781,25.46028,193,242,136,650,161,12,82,335,43,270,45,131,52,4180,310,61,249,236,148
"645",-100.07133,25.22864,217,275,149,884,199,18,74,440,61,337,61,135,48,5007,350,72,278,252,149
"646",-100.04056,25.23167,218,278,150,917,204,19,73,453,65,342,65,136,48,5101,354,73,281,255,150
"647",-100.24472,25.46003,193,242,136,650,161,12,82,335,43,270,45,131,52,4180,310,61,249,236,148
"648",-100.06572,25.225,215,273,149,857,194,17,74,427,59,327,59,135,49,4933,347,72,275,250,149
"649",-100.235,25.458,197,249,138,631,158,12,84,328,41,261,43,130,51,4373,316,64,252,226,150
"650",-100.23875,25.45944,200,254,139,628,158,13,84,330,42,259,42,129,50,4547,322,65,257,231,152
"651",-100.23825,25.45953,200,254,139,628,158,13,84,330,42,259,42,129,50,4547,322,65,257,231,152
"652",-99.0838,26.4069,233,304,149,522,106,17,57,223,63,154,67,127,42,6071,377,77,300,276,166
"653",-97.79497,28.52979,214,286,130,755,114,30,38,254,119,215,126,126,41,6081,357,55,302,262,146
"654",-100.057,25.229,220,281,151,928,205,20,72,458,66,346,66,136,48,5151,356,73,283,256,151
"655",-100.246,25.461,193,242,136,650,161,12,82,335,43,270,45,131,52,4180,310,61,249,236,148
"656",-100.235,25.45778,197,249,138,631,158,12,84,328,41,261,43,130,51,4373,316,64,252,226,150
"657",-100.332,25.493,194,245,135,539,134,10,84,281,36,224,39,130,51,4367,312,61,251,222,148
"658",-100.347,25.491,177,218,130,572,132,9,77,295,42,237,48,134,57,3491,287,54,233,212,139
"659",-100.34083,25.49281,196,248,136,524,131,10,84,275,35,217,38,130,51,4429,315,61,254,225,148
"660",-100.34717,25.49067,177,218,130,572,132,9,77,295,42,237,48,134,57,3491,287,54,233,212,139
"661",-100.34931,25.489,177,218,130,572,132,9,77,295,42,237,48,134,57,3491,287,54,233,212,139
"662",-100.34,25.5,196,248,136,524,131,10,84,275,35,217,38,130,51,4429,315,61,254,225,148
"663",-100.196,25.372,172,206,131,768,178,13,77,384,55,317,59,139,61,2983,277,52,225,201,139
"664",-100.334,25.494,196,248,136,524,131,10,84,275,35,217,38,130,51,4429,315,61,254,225,148
"665",-100.19556,25.37194,172,206,131,768,178,13,77,384,55,317,59,139,61,2983,277,52,225,201,139
"666",-100.349,25.489,177,218,130,572,132,9,77,295,42,237,48,134,57,3491,287,54,233,212,139
"667",-100.35219,25.49553,190,240,134,544,132,10,80,279,38,225,42,131,52,4182,307,59,248,234,146
"668",-100.341,25.493,196,248,136,524,131,10,84,275,35,217,38,130,51,4429,315,61,254,225,148
"669",-100.33217,25.49283,194,245,135,539,134,10,84,281,36,224,39,130,51,4367,312,61,251,222,148
"670",-100.33403,25.49361,196,248,136,524,131,10,84,275,35,217,38,130,51,4429,315,61,254,225,148
"671",-100.352,25.496,190,240,134,544,132,10,80,279,38,225,42,131,52,4182,307,59,248,234,146
"672",-100.33978,25.50025,198,252,135,514,130,10,85,273,34,213,36,130,50,4574,318,62,256,227,149
"673",-100.066,25.227,214,271,149,839,192,17,76,419,58,322,58,135,49,4844,345,72,273,248,149
"674",-100.078,25.241,207,260,147,720,169,14,77,362,49,282,49,135,51,4518,333,70,263,239,147
"675",-100.07839,25.24144,207,260,147,720,169,14,77,362,49,282,49,135,51,4518,333,70,263,239,147
"676",-100.06586,25.22719,214,271,149,839,192,17,76,419,58,322,58,135,49,4844,345,72,273,248,149
"677",-98.37828,28.50098,215,291,126,634,93,24,40,214,98,176,103,136,42,6417,366,45,321,264,143
"678",-97.73122,26.79089,225,287,148,659,129,18,53,260,93,186,107,105,40,5398,344,83,261,266,194
"679",-99.09839,26.49234,232,303,147,534,110,17,57,228,65,159,71,128,42,6095,375,74,301,274,164
"680",-100.34036,25.49633,196,248,136,524,131,10,84,275,35,217,38,130,51,4429,315,61,254,225,148
"681",-100.069,25.23,217,275,149,884,199,18,74,440,61,337,61,135,48,5007,350,72,278,252,149
"682",-99.44447,27.042,233,306,145,532,128,12,71,250,52,132,62,134,42,6269,380,68,312,279,163
"683",-100.197,25.369,172,206,131,768,178,13,77,384,55,317,59,139,61,2983,277,52,225,201,139
"684",-100.06775,25.2265,217,275,149,884,199,18,74,440,61,337,61,135,48,5007,350,72,278,252,149
"685",-100.068,25.226,217,275,149,884,199,18,74,440,61,337,61,135,48,5007,350,72,278,252,149
"686",-100.064,25.237,209,263,147,763,178,15,77,383,52,296,52,135,50,4627,337,71,266,242,147
"687",-100.06408,25.23736,209,263,147,763,178,15,77,383,52,296,52,135,50,4627,337,71,266,242,147
"688",-100.19722,25.36861,172,206,131,768,178,13,77,384,55,317,59,139,61,2983,277,52,225,201,139
"689",-100.06936,25.23003,217,275,149,884,199,18,74,440,61,337,61,135,48,5007,350,72,278,252,149
"690",-100.34,25.496,196,248,136,524,131,10,84,275,35,217,38,130,51,4429,315,61,254,225,148
"691",-100.072,25.226,217,275,149,884,199,18,74,440,61,337,61,135,48,5007,350,72,278,252,149
"692",-100.07222,25.22614,217,275,149,884,199,18,74,440,61,337,61,135,48,5007,350,72,278,252,149
"693",-97.75066,26.8266,225,287,149,654,127,18,53,258,93,186,105,107,40,5401,345,83,262,267,163
"694",-99.4403,27.0444,232,304,145,532,128,12,71,250,52,132,62,134,42,6230,379,67,312,279,163
"695",-98.42313,28.34598,217,293,128,616,94,23,42,213,94,172,98,136,42,6414,367,48,319,266,145
"696",-98.39149,28.46775,215,291,126,635,94,24,40,215,98,176,103,136,42,6405,365,46,319,264,143
"697",-99.437,27.043,232,304,145,532,128,12,71,250,52,132,62,134,42,6230,379,67,312,279,163
"698",-99.44492,27.04393,233,306,145,532,128,12,71,250,52,132,62,134,42,6269,380,68,312,279,163
"699",-100.341,25.495,196,248,136,524,131,10,84,275,35,217,38,130,51,4429,315,61,254,225,148
"700",-100.191,25.377,175,213,132,847,198,14,78,425,59,353,64,138,60,3190,282,55,227,207,140
"701",-100.34081,25.49478,196,248,136,524,131,10,84,275,35,217,38,130,51,4429,315,61,254,225,148
"702",-100.349,25.494,194,245,135,528,131,10,81,274,36,218,39,131,52,4344,312,61,251,221,147
"703",-100.34922,25.49417,194,245,135,528,131,10,81,274,36,218,39,131,52,4344,312,61,251,221,147
"704",-100.19111,25.37722,175,213,132,847,198,14,78,425,59,353,64,138,60,3190,282,55,227,207,140
"705",-100.34872,25.49242,194,245,135,528,131,10,81,274,36,218,39,131,52,4344,312,61,251,221,147
"706",-100.349,25.492,194,245,135,528,131,10,81,274,36,218,39,131,52,4344,312,61,251,221,147
"707",-100.07111,25.24056,216,275,149,882,200,18,75,440,61,337,61,135,48,4990,349,73,276,251,149
"708",-100.071,25.241,216,275,149,882,200,18,75,440,61,337,61,135,48,4990,349,73,276,251,149
"709",-100.20836,25.36447,169,202,129,707,163,12,77,353,51,290,55,140,63,2883,273,51,222,196,137
"710",-100.208,25.364,165,196,127,683,158,12,77,341,50,279,53,140,63,2741,268,49,219,191,135
"711",-100.24192,25.46067,193,242,136,650,161,12,82,335,43,270,45,131,52,4180,310,61,249,236,148
"712",-99.22255,28.27739,220,298,130,548,87,22,47,214,73,152,76,139,43,6519,374,52,322,267,149
"713",-99.23327,28.27163,220,299,130,548,87,22,47,214,73,152,76,139,43,6528,374,53,321,267,149
"714",-100.236,25.46,200,254,139,628,158,13,84,330,42,259,42,129,50,4547,322,65,257,231,152
"715",-97.74838,28.40088,215,287,133,767,117,31,38,260,122,220,130,123,41,6041,356,59,297,263,147
"716",-100.077,25.239,207,260,147,720,169,14,77,362,49,282,49,135,51,4518,333,70,263,239,147
"717",-100.07731,25.23933,207,260,147,720,169,14,77,362,49,282,49,135,51,4518,333,70,263,239,147
"718",-100.23894,25.45972,200,254,139,628,158,13,84,330,42,259,42,129,50,4547,322,65,257,231,152
"719",-100.23603,25.45989,200,254,139,628,158,13,84,330,42,259,42,129,50,4547,322,65,257,231,152
"720",-98.32768,26.51071,227,290,148,597,107,17,52,230,83,174,94,124,43,5540,361,77,284,268,165
"721",-100.242,25.461,193,242,136,650,161,12,82,335,43,270,45,131,52,4180,310,61,249,236,148
"722",-100.239,25.46,200,254,139,628,158,13,84,330,42,259,42,129,50,4547,322,65,257,231,152
"723",-100.345,25.599,163,198,120,547,130,9,80,289,39,228,42,133,60,3055,266,47,219,192,129
"724",-100.328,25.598,183,229,129,558,137,10,80,288,40,228,44,130,54,3935,295,55,240,223,140
"725",-100.326,25.591,178,221,127,565,135,9,78,292,41,232,46,131,55,3675,288,53,235,215,138
"726",-100.35639,25.61306,188,239,130,503,126,9,83,261,35,204,39,129,52,4273,304,57,247,215,142
"727",-100.34472,25.59944,163,198,120,547,130,9,80,289,39,228,42,133,60,3055,266,47,219,192,129
"728",-100.34111,25.60611,183,230,129,546,134,10,80,281,40,222,44,130,53,3982,296,55,241,224,140
"729",-100.32833,25.5975,183,229,129,558,137,10,80,288,40,228,44,130,54,3935,295,55,240,223,140
"730",-100.353,25.614,188,239,130,503,126,9,83,261,35,204,39,129,52,4273,304,57,247,215,142
"731",-100.356,25.613,188,239,130,503,126,9,83,261,35,204,39,129,52,4273,304,57,247,215,142
"732",-100.32611,25.59083,178,221,127,565,135,9,78,292,41,232,46,131,55,3675,288,53,235,215,138
"733",-100.341,25.606,183,230,129,546,134,10,80,281,40,222,44,130,53,3982,296,55,241,224,140
"734",-100.35278,25.61444,188,239,130,503,126,9,83,261,35,204,39,129,52,4273,304,57,247,215,142
"735",-98.98615,26.58098,228,298,145,540,111,16,56,220,68,157,76,129,43,5973,370,72,298,271,162
"736",-98.28953,28.43934,216,291,127,644,95,23,40,220,99,176,106,134,42,6360,365,48,317,265,144
"737",-99.16616,26.54982,231,303,145,540,108,16,56,226,64,168,72,127,41,6188,375,72,303,275,161
"738",-99.44468,27.04409,233,306,145,532,128,12,71,250,52,132,62,134,42,6269,380,68,312,279,163
"739",-97.77459,26.78684,225,288,148,654,127,18,53,258,93,186,105,108,40,5427,347,82,265,266,162
"740",-98.754,20.676,135,161,108,1295,302,22,82,671,78,327,115,127,63,2031,239,38,201,143,121
"741",-104.17669,19.54216,169,186,146,1232,266,6,98,765,25,485,67,131,65,1517,266,66,200,178,161
"742",-98.75389,20.67583,135,161,108,1295,302,22,82,671,78,327,115,127,63,2031,239,38,201,143,121
"743",-97.71961,27.11476,224,288,148,657,121,18,51,260,95,192,106,106,40,5472,345,82,263,266,162
"744",-98.71186,26.61625,227,293,146,565,109,18,53,222,79,161,87,129,44,5723,366,73,293,268,163
"745",-100.23994,25.46017,200,254,139,628,158,13,84,330,42,259,42,129,50,4547,322,65,257,231,152
"746",-100.24,25.46,200,254,139,628,158,13,84,330,42,259,42,129,50,4547,322,65,257,231,152
"747",-100.204,25.368,172,207,131,758,175,13,76,379,55,313,59,139,61,2986,278,53,225,201,139
"748",-100.20431,25.3685,172,207,131,758,175,13,76,379,55,313,59,139,61,2986,278,53,225,201,139
"749",-97.59468,26.92476,224,286,148,666,130,18,52,263,95,183,111,99,39,5375,337,84,253,265,193
"750",-98.27888,28.51712,214,290,126,656,96,24,39,222,102,179,109,134,42,6379,364,46,318,263,142
"751",-99.09101,26.47691,231,301,147,536,111,17,58,230,65,158,71,128,42,6046,374,74,300,274,164
"752",-98.679,20.443,165,191,134,613,131,11,74,302,43,182,51,149,65,2295,276,47,229,180,145
"753",-97.68562,26.62966,225,285,149,664,134,19,53,263,93,184,107,104,40,5307,341,84,257,265,195
"754",-98.67889,20.44306,165,191,134,613,131,11,74,302,43,182,51,149,65,2295,276,47,229,180,145
"755",-98.59177,28.38036,214,290,123,606,91,23,42,211,90,174,93,139,43,6454,365,43,322,262,141
"756",-99.13837,26.54363,230,301,144,546,112,16,57,228,66,168,74,127,42,6132,372,71,301,274,161
"757",-99.14852,26.58085,229,300,143,539,109,16,57,221,66,166,74,128,42,6113,372,70,302,272,160
"758",-99.11316,26.51267,231,303,146,537,111,16,58,229,65,161,72,128,42,6111,375,73,302,274,163
"759",-99.11166,26.51635,231,303,146,537,111,16,58,229,65,161,72,128,42,6111,375,73,302,274,163
"760",-97.76096,27.15907,224,289,148,655,119,18,50,259,94,194,105,108,40,5507,346,82,264,266,162
"761",-98.58236,28.13811,216,290,128,609,98,23,45,222,88,172,90,138,43,6309,365,47,318,263,145
"762",-99.15529,26.53254,231,303,145,543,109,16,56,229,64,168,72,127,41,6185,375,72,303,275,161
"763",-99.25529,28.43428,218,296,129,551,87,20,50,221,69,155,74,137,43,6478,371,53,318,265,148
"764",-99.25074,26.88125,230,301,143,496,104,16,57,196,61,138,68,133,43,6173,375,66,309,275,161
"765",-101.60444,20.1575,200,231,166,763,197,5,108,498,19,168,28,164,63,2457,327,68,259,210,200
"766",-97.66598,26.97946,224,287,148,662,127,18,51,262,95,187,108,102,39,5435,342,83,259,266,162
"767",-97.787,23.792,239,285,182,1019,221,14,70,493,77,410,114,112,49,4095,341,114,227,282,218
"768",-99.1158,26.51434,231,303,146,537,111,16,58,229,65,161,72,128,42,6111,375,73,302,274,163
"769",-97.78697,23.79175,239,285,182,1019,221,14,70,493,77,410,114,112,49,4095,341,114,227,282,218
"770",-97.74261,26.80201,225,287,149,657,128,18,53,259,93,186,106,106,40,5375,344,83,261,266,194
"771",-97.60679,28.37207,216,287,134,817,128,32,39,280,128,243,136,119,40,5950,353,62,291,263,148
"772",-98.98,21.20781,222,254,177,1836,393,46,73,894,145,653,146,140,59,3192,334,98,236,247,189
"773",-98.38516,28.49681,215,291,126,633,93,23,40,214,97,176,103,136,42,6417,366,45,321,264,143
"774",-99.425,22.12167,219,254,169,1069,218,16,85,579,60,462,63,127,55,3467,327,98,229,246,184
"775",-99.11592,26.52217,231,302,145,538,111,16,58,228,65,162,72,128,42,6131,374,73,301,275,163
"776",-99.425,22.122,219,254,169,1069,218,16,85,579,60,462,63,127,55,3467,327,98,229,246,184
"777",-99.46306,21.47167,234,271,185,1049,298,14,97,597,50,362,51,137,55,3529,352,106,246,261,202
"778",-102.96222,18.7775,139,155,117,1340,285,4,100,841,16,544,43,124,65,1474,230,40,190,150,131
"779",-99.463,21.472,234,271,185,1049,298,14,97,597,50,362,51,137,55,3529,352,106,246,261,202
"780",-99.2395,28.3914,219,298,129,550,87,20,49,220,70,154,75,138,43,6522,372,52,320,266,148
"781",-102.9125,18.84444,167,183,144,1325,296,3,104,857,12,547,35,130,65,1520,261,63,198,177,159
"782",-98.87056,21.07722,239,273,191,1674,371,44,72,809,137,574,143,139,58,3332,351,113,238,265,205
"783",-98.88825,21.18394,206,237,164,1888,408,46,74,932,143,676,148,139,60,2982,316,86,230,229,175
"784",-99.29822,21.67614,243,280,191,1652,396,28,88,890,91,629,95,127,54,3636,351,117,234,273,206
"785",-98.13514,26.0813,232,291,158,559,99,15,50,213,75,162,87,116,43,5223,357,90,267,272,173
"786",-97.77925,27.14092,224,288,148,652,119,18,50,259,93,192,104,109,41,5491,347,82,265,266,162
"787",-99.11316,26.51482,231,303,146,537,111,16,58,229,65,161,72,128,42,6111,375,73,302,274,163
"788",-99.196,23.116,193,228,147,955,190,15,82,500,59,414,59,135,58,3256,300,69,231,221,147
"789",-99.19583,23.11583,193,228,147,955,190,15,82,500,59,414,59,135,58,3256,300,69,231,221,147
"790",-99.42778,22.12583,219,254,169,1066,217,16,87,579,59,462,62,127,55,3467,327,98,229,246,184
"791",-97.892,23.802,240,287,183,921,208,13,70,431,76,352,113,117,50,4121,346,112,234,283,219
"792",-97.89219,23.80192,240,287,183,921,208,13,70,431,76,352,113,117,50,4121,346,112,234,283,219
"793",-97.89446,28.0568,219,291,136,731,122,27,43,268,112,206,118,123,41,6004,359,63,296,266,151
"794",-98.53388,26.74545,226,292,145,579,108,18,52,224,81,167,90,129,44,5725,365,72,293,268,162
"795",-102.98111,18.72361,128,143,108,1385,292,6,99,859,21,556,49,121,66,1382,216,33,183,138,121
"796",-96.925,19.50833,185,206,155,1611,291,52,66,711,159,469,163,97,60,2027,264,103,161,201,163
"797",-97.78191,26.83367,225,288,148,654,126,18,52,258,93,187,105,108,40,5440,346,82,264,266,162
"798",-99.13788,26.57532,228,300,143,542,110,16,56,223,66,167,74,128,42,6129,372,70,302,271,160
"799",-102.96639,18.80333,144,160,122,1327,284,4,101,836,16,540,41,126,65,1498,235,44,191,155,136
"800",-99.11282,26.54171,230,301,145,542,112,16,57,226,66,164,74,128,42,6093,373,72,301,273,162
"801",-102.96194,18.79,135,151,114,1343,285,5,100,839,18,546,44,124,65,1434,226,38,188,145,127
"802",-98.37556,23.62806,235,278,179,816,161,15,66,371,68,333,96,126,53,3986,340,105,235,274,216
"803",-98.34008,28.10464,215,287,129,650,105,25,44,235,98,180,101,133,42,6166,361,51,310,262,145
"804",-99.29773,21.49938,211,245,167,1336,326,23,85,708,75,487,84,139,59,3131,325,92,233,235,181
"805",-97.95584,28.11061,218,290,135,715,116,26,42,260,110,198,117,125,41,6048,360,61,299,265,150
"806",-99.10969,21.22631,195,224,156,1471,364,26,84,772,87,518,102,144,62,2754,307,77,230,216,169
"807",-99.06656,21.26792,223,258,178,1850,406,44,75,918,139,660,139,138,58,3269,337,100,237,249,190
"808",-99.6855,21.13036,122,145,94,957,207,14,82,505,56,251,70,138,65,2041,229,19,210,133,105
"809",-98.4,23.63672,229,272,175,845,162,15,66,376,70,342,105,125,53,3881,333,101,232,267,211
"810",-97.73712,27.22014,224,289,148,658,119,18,50,261,94,195,105,107,40,5490,346,82,264,266,162
"811",-99.48498,27.59029,230,305,142,436,78,13,49,165,57,115,65,132,42,6334,377,67,310,276,161
"812",-97.67483,26.82676,224,286,148,660,130,18,52,261,93,183,108,102,39,5367,340,83,257,265,193
"813",-100.02003,20.94308,154,180,124,705,133,10,82,373,38,203,45,152,66,2217,270,40,230,172,124
"814",-99.77948,29.21041,204,284,111,610,82,26,41,213,85,187,85,137,41,6731,357,27,330,254,129
"815",-99.194,23.1,197,231,150,958,188,15,82,502,59,417,59,134,58,3314,303,72,231,224,150
"816",-99.19358,23.10006,194,229,148,962,191,15,82,504,59,418,59,135,58,3265,301,69,232,221,148
"817",-98.73981,28.08591,218,293,128,583,95,23,46,217,82,165,83,140,43,6418,369,47,322,266,146
"818",-99.10944,21.16389,235,270,187,1505,354,33,79,771,105,522,108,141,57,3353,351,107,244,260,201
"819",-99.14414,26.57824,229,300,143,539,109,16,57,221,66,166,74,128,42,6113,372,70,302,272,160
"820",-98.28491,27.64201,219,289,136,640,120,23,50,241,91,182,97,131,43,5935,360,60,300,263,147
"821",-98.94159,26.38768,235,304,152,523,107,16,56,211,66,149,73,129,43,5929,377,80,297,277,171
"822",-97.78982,27.10601,224,289,148,650,119,18,50,257,93,191,104,109,40,5499,348,82,266,267,162
"823",-97.56935,26.49053,224,284,151,671,139,19,54,266,93,177,113,95,38,5192,334,88,246,265,194
"824",-99.1323,26.61662,229,300,143,531,108,16,56,216,65,161,73,128,42,6123,371,69,302,272,160
"825",-99.46837,27.84687,222,299,135,509,89,20,48,197,69,139,71,136,43,6377,374,60,314,268,153
"826",-99.13931,26.53649,231,302,145,541,111,16,57,227,65,165,73,128,42,6136,374,72,302,274,162
"827",-97.88,16.828,214,231,193,2052,447,12,105,1257,38,539,55,166,72,1449,321,93,228,218,203
"828",-99.12483,26.5342,231,302,145,539,111,16,58,226,65,163,72,128,42,6126,374,72,302,274,162
"829",-99.16792,26.54708,230,303,144,543,108,16,56,227,65,169,73,127,41,6228,375,71,304,275,160
"830",-98.13997,26.07995,232,291,158,559,99,15,50,213,75,162,87,116,43,5223,357,90,267,272,173
"831",-101.00556,19.66694,170,195,143,912,208,7,99,566,32,220,37,147,63,1953,288,58,230,175,172
"832",-98.38054,26.1691,233,295,155,559,100,13,52,213,73,169,87,123,43,5488,365,85,280,274,172
"833",-98.592,21.098,232,266,185,1742,334,59,60,753,178,623,187,135,58,3296,341,110,231,259,197
"834",-99.15367,26.57133,230,301,144,541,109,16,56,222,66,167,74,127,42,6145,372,71,301,274,160
"835",-99.293,18.972,169,187,144,1023,217,5,100,624,28,285,28,158,69,1665,277,49,228,176,144
"836",-99.09342,26.48717,232,302,147,533,110,17,57,228,65,157,71,128,42,6063,375,74,301,275,164
"837",-99.29333,18.97167,169,187,144,1023,217,5,100,624,28,285,28,158,69,1665,277,49,228,176,144
"838",-99.0505,21.20333,209,241,167,1603,362,33,79,815,105,582,110,142,60,3028,323,87,236,233,180
"839",-99.125,21.29167,188,216,150,1560,388,29,83,820,96,543,114,142,62,2682,298,72,226,208,162
"840",-100.155,20.90111,147,172,118,714,137,10,84,386,39,206,39,150,66,2130,261,35,226,164,118
"841",-97.183,16.1,239,251,222,1513,320,2,101,882,12,449,32,154,76,1172,334,132,202,245,223
"842",-99.572,21.352,227,263,179,856,218,10,95,487,34,220,48,145,57,3441,349,97,252,252,198
"843",-99.395,21.173,220,253,176,981,226,11,90,536,38,261,59,150,60,3165,341,91,250,242,192
"844",-99.5314,21.19167,212,242,171,746,176,8,89,397,29,212,32,156,63,2904,330,84,246,232,185
"845",-99.1715,21.27417,180,206,144,1384,337,26,82,721,88,341,101,143,64,2533,289,66,223,198,155
"846",-99.125,21.277,169,195,134,1486,356,29,81,773,99,361,111,139,63,2437,277,59,218,185,146
"847",-99.14406,26.58101,229,300,143,539,109,16,57,221,66,166,74,128,42,6113,372,70,302,272,160
"848",-99.1662,26.54247,231,303,145,540,108,16,56,226,64,168,72,127,41,6188,375,72,303,275,161
"849",-97.77832,27.02488,225,288,148,653,121,18,50,257,93,190,105,108,40,5464,346,82,264,266,162
"850",-98.71422,26.33773,235,300,155,571,102,17,50,218,81,172,92,128,43,5704,374,83,291,278,174
"851",-99.14303,26.57993,229,300,143,539,109,16,57,221,66,166,74,128,42,6113,372,70,302,272,160
"852",-100.23333,25.38333,182,223,134,871,204,14,79,438,59,368,64,137,58,3486,292,58,234,217,144
"853",-100.233,25.383,182,223,134,871,204,14,79,438,59,368,64,137,58,3486,292,58,234,217,144
"854",-100.22361,25.34028,137,161,106,625,123,16,66,295,58,214,60,138,66,2197,235,29,206,156,110
"855",-100.224,25.34,137,161,106,625,123,16,66,295,58,214,60,138,66,2197,235,29,206,156,110
"856",-98.12358,27.36062,224,292,146,641,115,21,49,248,93,188,102,125,43,5709,361,74,287,267,161
"857",-100.247,25.34,138,162,106,609,120,15,67,289,55,210,58,138,66,2222,236,29,207,157,111
"858",-100.24722,25.34028,138,162,106,609,120,15,67,289,55,210,58,138,66,2222,236,29,207,157,111
"859",-100.3,17.25,255,267,244,1632,427,4,108,1030,23,361,33,124,76,846,338,175,163,255,256
"860",-99.667,17.55,174,185,164,1605,370,7,102,962,33,99,41,105,70,805,252,104,148,173,178
"861",-100.067,17.065,280,289,269,1116,285,1,111,692,9,486,18,117,78,774,352,203,149,284,276
"862",-100.25,17.333,241,255,228,1740,398,7,103,1074,31,385,83,125,73,1016,329,159,170,241,244
"863",-100.2,17.433,211,227,197,1416,326,5,105,887,21,317,54,120,69,1158,302,130,172,209,215
"864",-96.9275,19.54,179,201,149,1639,305,51,68,754,159,454,160,97,59,2038,258,96,162,193,158
"865",-103.04167,18.81667,152,168,129,1325,285,4,101,842,15,536,41,127,65,1524,243,50,193,163,143
"866",-96.928,19.54,179,201,149,1639,305,51,68,754,159,454,160,97,59,2038,258,96,162,193,158
"867",-102.96667,18.7675,159,176,137,1337,289,3,103,856,12,542,38,128,66,1490,251,58,193,169,151
"868",-102.248,19.015,285,309,260,668,148,3,109,439,11,139,23,152,65,1807,401,169,232,288,286
"869",-102.91,18.79833,160,176,138,1327,290,3,103,851,12,544,36,129,66,1491,253,58,195,171,152
"870",-97.49049,25.91139,232,288,165,684,145,22,55,287,92,182,107,98,41,4843,341,105,236,270,177
"871",-98.1419,26.07174,232,291,158,555,99,14,50,211,74,161,87,116,43,5221,357,91,266,272,174
"872",-99.13711,26.53018,231,303,145,539,110,16,58,228,64,164,72,128,42,6157,375,72,303,274,162
"873",-99.16534,26.54953,231,303,145,540,108,16,56,226,64,168,72,127,41,6188,375,72,303,275,161
"874",-99.13685,26.56304,229,300,144,543,111,16,57,225,66,167,74,128,42,6094,371,70,301,272,160
"875",-99.16965,26.54693,230,303,144,543,108,16,56,227,65,169,73,127,41,6228,375,71,304,275,160
"876",-98.37364,26.17068,233,295,155,557,100,13,52,212,73,166,87,122,43,5452,365,86,279,275,172
"877",-98.13877,26.08338,232,291,158,557,99,14,50,211,75,161,88,116,43,5238,356,90,266,272,173
"878",-98.13561,26.08267,232,291,158,559,99,15,50,213,75,162,87,116,43,5223,357,90,267,272,173
"879",-98.46771,27.54724,219,289,134,604,114,21,51,223,84,174,91,134,43,6033,363,57,306,264,147
"880",-99.10921,26.50752,231,303,146,537,111,16,58,230,65,161,72,128,42,6099,375,73,302,274,163
"881",-97.79892,27.05513,224,289,148,651,120,18,50,256,93,190,105,110,41,5483,347,82,265,266,162
"882",-97.7948,26.94166,225,288,149,650,123,18,51,256,93,187,105,109,41,5432,347,82,265,266,163
"883",-99.00769,26.39379,234,304,151,518,105,15,55,210,63,152,71,128,42,5977,377,79,298,277,169
"884",-99.16723,26.54615,230,303,144,543,108,16,56,227,65,169,73,127,41,6228,375,71,304,275,160
"885",-97.8154,27.30094,225,290,147,660,117,19,48,262,95,197,106,111,41,5570,350,80,270,267,162
"886",-99.63667,21.44333,236,274,186,860,243,9,102,505,33,205,46,142,56,3598,357,104,253,262,187
"887",-100.49935,28.70915,218,299,125,503,80,19,52,185,60,143,60,131,40,6781,369,49,320,260,146
"888",-99.0833,26.45,231,301,147,533,110,17,57,229,64,157,69,127,42,6027,374,75,299,274,164
"889",-98.38201,26.17416,233,295,155,559,100,13,52,213,73,169,87,123,43,5488,365,85,280,274,172
"890",-98.13548,26.07702,232,291,158,559,99,15,50,213,75,162,87,116,43,5223,357,90,267,272,173
"891",-98.38187,26.17449,233,295,155,559,100,13,52,213,73,169,87,123,43,5488,365,85,280,274,172
"892",-100.461,25.635,210,271,139,410,104,10,81,224,31,153,32,125,46,5165,334,66,268,243,153
"893",-100.46111,25.63528,210,271,139,410,104,10,81,224,31,153,32,125,46,5165,334,66,268,243,153
"894",-92.89222,15.42444,271,284,259,2634,526,5,94,1430,18,335,78,143,78,899,361,179,182,269,261
"895",-92.892,15.424,271,284,259,2634,526,5,94,1430,18,335,78,143,78,899,361,179,182,269,261
"896",-93.626,15.967,269,281,257,1826,420,4,100,1032,16,232,32,126,74,948,353,184,169,268,258
"897",-93.62556,15.96722,269,281,257,1826,420,4,100,1032,16,232,32,126,74,948,353,184,169,268,258
"898",-93.38889,16.75667,235,252,211,883,183,7,97,501,23,265,44,124,70,1658,322,145,177,248,221
"899",-93.389,16.757,235,252,211,883,183,7,97,501,23,265,44,124,70,1658,322,145,177,248,221
"900",-98.15098,26.06265,233,292,158,554,98,14,50,210,74,161,87,116,43,5238,357,91,266,272,174
"901",-99.475,21.2155,233,271,184,904,204,9,91,509,34,237,51,146,56,3490,358,101,257,256,204
"902",-98.14119,26.07653,232,291,158,559,99,15,50,213,75,162,87,116,43,5223,357,90,267,272,173
"903",-99.49128,28.05811,221,300,133,547,87,24,45,203,78,149,79,139,43,6472,376,57,319,267,150
"904",-103.93541,19.16899,260,278,238,861,229,1,111,592,9,312,26,136,71,1616,345,155,190,272,244
"905",-98.43611,23.20278,206,242,158,1005,200,16,79,521,62,433,78,116,54,3405,302,91,211,238,168
"906",-98.78,26.338,237,303,156,553,105,16,52,212,75,161,86,129,44,5760,377,84,293,280,176
"907",-99.49128,27.43361,236,309,148,437,82,12,53,166,53,117,63,132,42,6311,382,71,311,284,166
"908",-99.49128,27.59337,230,305,143,438,79,13,50,167,57,116,65,132,42,6330,377,67,310,276,162
"909",-98.18333,26.19444,232,292,157,566,103,14,51,215,77,163,91,117,43,5255,357,89,268,271,173
"910",-99.45527,27.52895,232,307,145,424,75,12,49,158,56,110,65,132,42,6331,379,69,310,279,163
"911",-95.96667,28.68333,212,283,131,1141,175,52,32,373,184,310,228,94,36,5901,331,72,259,223,173
"912",-97.75,28.4,216,287,132,766,117,31,38,260,122,221,129,122,41,6033,355,60,295,263,147
"913",-97.5,25.9,232,288,165,687,146,22,55,287,92,183,108,99,41,4856,341,105,236,270,177
"914",-97.48333,26.06667,230,287,162,678,144,21,55,284,95,178,110,95,40,4897,337,102,235,268,202
"915",-97.47611,26.07139,230,287,162,678,144,21,55,284,95,178,110,95,40,4897,337,102,235,268,202
"916",-98.75,29.1333,209,285,120,687,95,31,38,232,109,179,111,134,42,6407,358,42,316,257,138
"917",-97.44863,25.99381,231,287,164,675,144,21,55,286,94,176,108,95,40,4847,337,105,232,269,176
"918",-97.49336,25.91379,232,288,165,686,146,22,55,288,92,183,107,98,41,4848,341,105,236,270,177
"919",-96.97667,30.85306,197,282,103,880,118,46,28,281,174,174,184,125,38,6960,356,29,327,235,282
"920",-97.83333,26.06667,231,289,160,645,126,19,52,254,90,190,100,108,42,5078,349,95,254,270,173
"921",-97.6961,26.19063,230,288,161,671,131,22,50,268,97,190,109,103,42,4966,343,98,245,268,174
"922",-97.49722,25.90139,232,288,165,687,146,22,55,287,92,183,108,99,41,4856,341,105,236,270,177
"923",-98.14389,27.22667,226,293,147,631,113,20,50,246,89,186,100,126,44,5714,362,76,286,268,162
"924",-97.48066,25.93427,231,288,165,682,144,22,56,287,93,181,107,98,41,4835,340,105,235,269,177
"925",-97.47422,25.95406,232,288,165,677,143,22,55,286,94,178,108,97,41,4851,340,105,235,270,177
"926",-97.39611,27.80028,221,287,144,795,143,30,45,318,125,213,134,97,37,5587,339,81,258,266,156
"927",-97.48761,25.944,231,288,164,682,144,22,56,287,93,181,107,98,41,4845,340,104,236,269,176
"928",-97.1,18.85,196,216,169,2031,388,36,82,1091,117,526,127,116,65,1905,282,105,177,211,177
"929",-97.50634,26.12657,230,287,161,678,143,21,54,281,96,179,111,95,40,4928,337,100,237,268,201
"930",-97.488,25.915,232,288,165,684,145,22,55,287,92,182,107,98,41,4843,341,105,236,270,177
"931",-94.68167,16.905,247,266,223,2258,462,34,71,1115,129,392,279,104,62,1723,332,166,166,256,246
"932",-94.682,16.905,247,266,223,2258,462,34,71,1115,129,392,279,104,62,1723,332,166,166,256,246
"933",-96.033,17.317,162,179,142,2548,516,57,79,1375,174,546,287,118,69,1414,248,77,171,167,166
"934",-96.03333,17.31667,162,179,142,2548,516,57,79,1375,174,546,287,118,69,1414,248,77,171,167,166
"935",-96.133,17.317,197,217,174,1842,331,30,78,944,107,441,123,122,67,1667,287,105,182,205,183
"936",-96.13333,17.31667,197,217,174,1842,331,30,78,944,107,441,123,122,67,1667,287,105,182,205,183
"937",-97.22667,19.555,127,147,102,545,122,12,72,258,41,163,50,135,68,1800,224,27,197,137,102
"938",-97.227,19.555,127,147,102,545,122,12,72,258,41,163,50,135,68,1800,224,27,197,137,102
"939",-96.85,19.93333,233,261,195,1850,301,79,43,706,262,502,304,104,58,2691,320,142,178,250,220
"940",-96.85,19.933,233,261,195,1850,301,79,43,706,262,502,304,104,58,2691,320,142,178,250,220
"941",-96.65,20.033,258,281,223,1463,260,54,53,615,165,532,206,96,59,2417,335,173,162,280,243
"942",-96.65,20.03333,258,281,223,1463,260,54,53,615,165,532,206,96,59,2417,335,173,162,280,243
"943",-96.928,19.545,177,199,149,1663,313,51,69,775,161,453,161,97,59,2028,257,95,162,191,157
"944",-97.835,22.252,238,274,192,1134,294,13,87,605,50,460,87,83,47,3294,316,143,173,265,218
"945",-99.89167,26.80667,231,305,144,455,104,11,68,189,47,147,51,134,42,6288,383,69,314,276,162
"946",-99.892,26.807,231,305,144,455,104,11,68,189,47,147,51,134,42,6288,383,69,314,276,162
"947",-99.267,23.723,211,253,159,606,124,10,71,273,46,234,52,139,56,3796,323,78,245,248,172
"948",-99.233,25.733,234,303,152,566,123,15,67,255,52,196,53,132,43,5922,378,76,302,274,170
"949",-99.23333,25.73333,234,303,152,566,123,15,67,255,52,196,53,132,43,5922,378,76,302,274,170
"950",-99.613,26.087,226,295,146,649,120,17,59,271,60,227,66,125,43,5837,376,86,290,266,153
"951",-100.60833,24.29333,180,219,133,313,45,7,52,126,36,126,39,175,64,3425,312,40,272,219,145
"952",-100.608,24.293,180,219,133,313,45,7,52,126,36,126,39,175,64,3425,312,40,272,219,145
"953",-99.61333,26.08667,226,295,146,649,120,17,59,271,60,227,66,125,43,5837,376,86,290,266,153
"954",-99.547,24.882,227,287,156,786,153,20,65,340,64,273,64,139,47,5177,365,75,290,263,156
"955",-99.73333,17.48333,218,235,201,1082,237,3,104,679,18,257,39,131,69,1281,313,125,188,218,222
"956",-99.733,17.483,218,235,201,1082,237,3,104,679,18,257,39,131,69,1281,313,125,188,218,222
"957",-99.5,17.383,214,230,197,1188,262,4,104,747,22,288,25,137,70,1218,311,116,195,215,217
"958",-99.49599,27.52895,233,307,145,424,76,12,50,159,55,112,64,132,42,6341,379,69,310,280,164
"959",-99.2506,31.2504,177,267,78,673,94,30,36,227,100,190,101,145,40,7296,347,-7,354,219,91
"960",-97.503,25.868,232,288,166,694,149,23,56,287,92,185,108,99,42,4815,341,106,235,270,178
"961",-97.50333,25.86833,232,288,166,694,149,23,56,287,92,185,108,99,42,4815,341,106,235,270,178
"962",-100.74167,23.325,178,212,132,438,68,7,56,180,46,180,61,167,63,3188,306,45,261,212,170
"963",-99.17208,23.04779,226,263,175,1035,214,18,81,538,64,478,64,127,55,3606,330,102,228,257,175
"964",-98.67833,20.77583,159,186,126,1405,314,31,74,694,110,340,117,137,62,2397,267,49,218,174,138
"965",-96.87889,19.20389,199,221,170,1770,324,45,75,872,137,489,141,108,62,2042,286,112,174,216,177
"966",-99.11277,21.24545,204,235,163,1499,355,28,82,778,90,539,100,143,61,2927,316,83,233,226,176
"967",-98.69472,20.85667,171,198,136,1452,348,31,78,732,106,352,109,140,62,2511,279,56,223,188,147
"968",-99.22917,23.04528,190,225,145,992,199,15,84,526,59,432,59,136,58,3229,299,66,233,216,145
"969",-97.6667,17.1167,124,137,111,1410,271,18,89,772,64,428,64,146,74,991,223,26,197,127,111
"970",-96.96389,19.43222,196,218,165,1716,312,48,69,772,150,496,158,105,60,2152,282,109,173,211,172
"971",-97.08611,19.61667,115,135,91,1099,242,27,75,569,83,259,119,127,68,1731,208,22,186,124,102
"972",-103.16,18.77694,236,253,212,1226,247,7,97,719,26,515,52,125,63,1619,327,131,196,249,227
"973",-100.283,25.533,194,245,135,579,147,11,84,304,39,239,41,129,51,4353,312,61,251,222,147
"974",-99.05361,21.20806,209,241,167,1603,362,33,79,815,105,582,110,142,60,3028,323,87,236,233,180
"975",-97.1,19.50833,114,133,92,1302,245,29,82,725,90,322,111,132,69,1616,208,19,189,122,103
"976",-96.92306,19.04083,192,212,165,2112,369,49,76,1073,151,569,158,108,64,1861,275,107,168,206,172
"977",-100.25,25.5,198,251,138,609,155,12,85,322,40,252,41,129,50,4496,319,64,255,228,150
"978",-98.62167,20.69861,165,192,132,1061,244,22,76,530,79,269,83,140,63,2428,274,52,222,182,144
"979",-98.64417,20.89056,170,197,135,1690,403,37,78,855,123,399,128,137,62,2491,277,58,219,188,147
"980",-99.159,21.24275,177,203,142,1378,332,26,82,715,89,341,101,142,63,2485,286,64,222,194,153
"981",-100.28333,25.53333,194,245,135,579,147,11,84,304,39,239,41,129,51,4353,312,61,251,222,147
"982",-99.48889,21.13056,206,235,167,676,157,8,85,348,30,269,33,158,64,2775,324,79,245,226,180
"983",-96.85139,19.31667,210,233,179,1456,293,33,81,758,101,407,102,111,61,2180,300,119,181,225,186
"984",-96.00996,17.14242,103,114,92,1969,344,37,75,973,124,225,188,116,74,820,184,28,156,102,99
"985",-97.02599,19.00783,188,207,162,2042,374,41,79,1062,129,564,135,112,65,1824,272,100,172,201,169
"986",-98.63111,20.63,137,164,108,1566,384,30,81,812,105,344,164,126,61,2176,244,39,205,146,121
"987",-96.8875,19.20444,198,219,169,1808,332,47,75,889,141,502,144,108,62,2015,283,111,172,214,176
"988",-99.20333,23.075,200,235,153,969,187,15,82,509,60,423,60,133,57,3352,307,75,232,228,153
"989",-99.15028,21.25139,174,200,139,1403,337,27,82,729,92,346,103,141,63,2466,283,62,221,190,150
"990",-100.04139,19.04333,189,211,168,1237,264,7,99,766,30,279,32,136,65,1629,295,88,207,191,193
"991",-99.19167,23.10833,194,229,148,962,191,15,82,504,59,418,59,135,58,3265,301,69,232,221,148
"992",-96.84167,19.43611,199,222,168,1353,261,37,72,628,115,401,122,103,59,2182,285,113,172,215,175
"993",-99.57444,21.16278,186,212,151,709,149,12,77,351,46,212,46,157,66,2465,301,65,236,202,151
"994",-98.70694,20.73889,177,204,142,845,204,14,79,423,55,231,55,146,63,2538,288,58,230,195,142
"995",-98.55889,20.65417,146,173,115,1420,315,28,76,732,102,334,157,129,62,2252,251,44,207,158,148
"996",-96.63819,16.6189,135,147,125,1077,238,5,92,608,31,158,34,130,75,838,224,51,173,136,126
"997",-99.84167,23.25833,190,225,142,472,87,9,66,214,43,214,45,156,61,3329,310,56,254,225,155
"998",-100.19728,17.39533,227,243,214,1548,349,6,104,970,26,338,66,124,71,1135,318,145,173,226,232
"999",-100.18901,17.40279,231,246,218,1584,355,6,104,991,27,347,69,125,71,1106,322,147,175,230,235
